Loan_ID,Gender,Marital Status,Dependents,Education,Occupation,ApplicantIncome,CoapplicantIncome,LoanAmount,Loan_Amount_Term,Credit_History,Ongoing Loan,Property_Area,Approval Status
1002,Male,No,0,Graduate,Unemployed,5849,0,,30,1,No,Urban,Approved
1003,Male,Yes,1,Graduate,Unemployed,4583,1508,128,30,1,Yes,Rural,Not Approved
1005,Male,Yes,0,Graduate,Employed,3000,0,66,30,1,No,Urban,Approved
1006,Male,Yes,0,Not Graduate,Unemployed,2583,2358,120,30,1,No,Urban,Approved
1008,Male,No,0,Graduate,Unemployed,6000,0,141,30,1,No,Urban,Approved
1011,Male,Yes,2,Graduate,Employed,5417,4196,267,30,1,No,Urban,Approved
1013,Male,Yes,0,Not Graduate,Unemployed,2333,1516,95,30,1,No,Urban,Approved
1014,Male,Yes,3+,Graduate,Unemployed,3036,2504,158,30,0,Yes,Semiurban,Not Approved
1015,Male,Yes,0,Graduate,Unemployed,5720,0,110,30,1,No,Urban,Approved
1018,Male,Yes,2,Graduate,Unemployed,4006,1526,168,30,1,No,Urban,Approved
1020,Male,Yes,1,Graduate,Unemployed,12841,10968,349,30,1,Yes,Semiurban,Not Approved
1022,Male,Yes,1,Graduate,Unemployed,3076,1500,126,30,1,No,Urban,Approved
1024,Male,Yes,2,Graduate,Unemployed,3200,700,70,30,1,No,Urban,Approved
1027,Male,Yes,2,Graduate,,2500,1840,109,30,1,No,Urban,Approved
1028,Male,Yes,2,Graduate,Unemployed,3073,8106,200,30,1,No,Urban,Approved
1029,Male,No,0,Graduate,Unemployed,1853,2840,114,30,1,Yes,Rural,Not Approved
1030,Male,Yes,2,Graduate,Unemployed,1299,1086,17,10,1,No,Urban,Approved
1031,Male,Yes,2,Graduate,Unemployed,5000,1800,208,30,1,No,Urban,Approved
1032,Male,No,0,Graduate,Unemployed,4950,0,125,30,1,No,Urban,Approved
1034,Male,No,1,Not Graduate,Unemployed,3596,0,100,20,,No,Urban,Approved
1035,Male,Yes,2,Graduate,Unemployed,2340,2546,100,30,,No,Urban,Approved
1036,Female,No,0,Graduate,Unemployed,3510,0,76,30,0,Yes,Urban,Not Approved
1038,Male,Yes,0,Not Graduate,Unemployed,4887,0,133,30,1,Yes,Rural,Not Approved
1041,Male,Yes,0,Graduate,,2600,3500,115,0,1,No,Urban,Approved
1043,Male,Yes,0,Not Graduate,Unemployed,7660,0,104,30,0,Yes,Urban,Not Approved
1046,Male,Yes,1,Graduate,Unemployed,5955,5625,315,30,1,No,Urban,Approved
1047,Male,Yes,0,Not Graduate,Unemployed,2600,1911,116,30,0,Yes,Semiurban,Not Approved
1050,,Yes,2,Not Graduate,Unemployed,3365,1917,112,30,0,Yes,Rural,Not Approved
1051,Male,No,0,Not Graduate,Unemployed,3276,0,78,30,1,Yes,Urban,Not Approved
1052,Male,Yes,1,Graduate,,3717,2925,151,30,,Yes,Semiurban,Not Approved
1054,Male,Yes,0,Not Graduate,Employed,2165,3422,152,30,1,No,Urban,Approved
1055,Female,No,1,Not Graduate,Unemployed,2226,0,59,30,1,No,Semiurban,Approved
1056,Male,Yes,2,Not Graduate,Unemployed,3881,0,147,30,0,Yes,Rural,Not Approved
1059,Male,Yes,2,Graduate,,13633,0,280,20,1,No,Urban,Approved
1066,Male,Yes,0,Graduate,Employed,9560,0,191,30,1,No,Semiurban,Approved
1067,Male,No,0,Not Graduate,Unemployed,2400,2400,123,30,1,Yes,Semiurban,Not Approved
1068,Male,Yes,0,Graduate,Unemployed,2799,2253,122,30,1,No,Semiurban,Approved
1073,Male,Yes,2,Not Graduate,Unemployed,4226,1040,110,30,1,No,Urban,Approved
1078,Male,No,0,Not Graduate,Unemployed,3091,0,90,30,1,Yes,Urban,Not Approved
1082,Male,Yes,1,Graduate,,2185,1516,162,30,1,Yes,Semiurban,Not Approved
1083,Male,No,3+,Graduate,Unemployed,4166,0,40,15,,No,Urban,Approved
1086,Male,No,0,Not Graduate,Unemployed,1442,0,35,30,1,Yes,Urban,Not Approved
1087,Female,No,2,Graduate,,3750,2083,120,30,1,No,Semiurban,Approved
1091,Male,Yes,1,Graduate,,4166,3369,201,30,,Yes,Urban,Not Approved
1094,Male,Yes,2,Graduate,,12173,0,166,30,0,No,Semiurban,Approved
1095,Male,No,0,Graduate,Unemployed,3167,0,74,30,1,Yes,Urban,Not Approved
1096,Female,No,0,Graduate,Unemployed,4666,0,124,30,1,Yes,Semiurban,Not Approved
1097,Male,No,1,Graduate,Employed,4692,0,106,30,1,Yes,Rural,Not Approved
1098,Male,Yes,0,Graduate,Unemployed,3500,1667,114,30,1,No,Semiurban,Approved
1099,Male,No,1,Graduate,Unemployed,5667,0,131,30,1,Yes,Urban,Not Approved
1100,Male,No,3+,Graduate,Unemployed,12500,3000,320,30,1,Yes,Rural,Not Approved
1105,Male,Yes,2,Graduate,Unemployed,4583,2916,200,30,1,No,Urban,Approved
1106,Male,Yes,0,Graduate,Unemployed,2275,2067,,30,1,No,Urban,Approved
1107,Male,Yes,3+,Graduate,Unemployed,3786,333,126,30,1,Yes,Semiurban,Not Approved
1108,Male,Yes,0,Graduate,Unemployed,9226,7916,300,30,1,No,Urban,Approved
1109,Male,Yes,0,Graduate,Unemployed,1828,1330,100,0,0,Yes,Urban,Not Approved
1112,Female,Yes,0,Graduate,Unemployed,3667,1459,144,30,1,No,Semiurban,Approved
1114,Male,No,0,Graduate,Unemployed,4166,7210,184,30,1,No,Urban,Approved
1115,Male,No,0,Graduate,Unemployed,1300,3470,100,15,1,Yes,Semiurban,Not Approved
1116,Male,No,0,Not Graduate,Unemployed,3748,1668,110,30,1,No,Semiurban,Approved
1119,Male,No,0,Graduate,Unemployed,3600,0,80,30,1,Yes,Urban,Not Approved
1120,Male,No,0,Graduate,Unemployed,1800,1213,47,30,1,No,Urban,Approved
1121,Male,Yes,1,Not Graduate,Unemployed,1888,1620,48,30,1,No,Urban,Approved
1123,Male,Yes,0,Graduate,Unemployed,2400,0,75,30,,No,Urban,Approved
1124,Female,No,3+,Not Graduate,Unemployed,2083,0,28,15,1,No,Urban,Approved
1128,,No,0,Graduate,Unemployed,3909,0,101,30,1,Yes,Urban,Not Approved
1131,Male,Yes,0,Graduate,Unemployed,3941,2336,134,30,1,No,Semiurban,Approved
1135,Female,No,0,Not Graduate,Unemployed,3765,0,125,30,1,Yes,Urban,Not Approved
1136,Male,Yes,0,Not Graduate,Employed,4695,0,96,0,1,No,Urban,Approved
1137,Female,No,0,Graduate,Unemployed,3410,0,88,0,1,No,Urban,Approved
1138,Male,Yes,1,Graduate,Unemployed,5649,0,44,30,1,No,Urban,Approved
1144,Male,Yes,0,Graduate,Unemployed,5821,0,144,30,1,No,Urban,Approved
1146,Female,Yes,0,Graduate,Unemployed,2645,3440,120,30,0,Yes,Urban,Not Approved
1149,Male,Yes,0,Graduate,Unemployed,5400,4380,290,30,1,Yes,Urban,Not Approved
1151,Female,No,0,Graduate,Unemployed,4000,2275,144,30,1,No,Semiurban,Approved
1153,Male,No,0,Graduate,Unemployed,0,24000,148,30,0,No,Rural,Approved
1155,Female,Yes,0,Not Graduate,Unemployed,1928,1644,100,30,1,No,Semiurban,Approved
1157,Female,No,0,Graduate,Unemployed,3086,0,120,30,1,No,Semiurban,Approved
1163,Male,Yes,2,Graduate,Unemployed,4363,1250,140,30,,Yes,Urban,Not Approved
1164,Female,No,0,Graduate,Unemployed,4230,0,112,30,1,Yes,Semiurban,Not Approved
1169,Male,Yes,0,Graduate,Unemployed,7500,3750,275,30,1,No,Urban,Approved
1174,Male,Yes,0,Graduate,Unemployed,3772,833,57,30,,No,Semiurban,Approved
1176,Male,No,0,Graduate,Unemployed,2942,2382,125,15,1,Yes,Urban,Not Approved
1177,Female,No,0,Not Graduate,Unemployed,2478,0,75,30,1,No,Semiurban,Approved
1179,Male,Yes,2,Graduate,Unemployed,4616,0,134,30,1,Yes,Urban,Not Approved
1183,Male,Yes,2,Graduate,Unemployed,6250,820,192,30,1,No,Urban,Approved
1185,Male,No,0,Graduate,Unemployed,3268,1683,152,30,1,Yes,Semiurban,Not Approved
1186,Female,Yes,1,Graduate,Employed,11500,0,286,30,0,Yes,Urban,Not Approved
1187,Male,Yes,0,Graduate,Unemployed,2783,2708,158,30,1,Yes,Urban,Not Approved
1190,Male,Yes,0,Graduate,Unemployed,2740,1541,101,30,1,Yes,Urban,Not Approved
1194,Male,Yes,2,Graduate,Unemployed,2708,1167,97,30,1,No,Semiurban,Approved
1195,Male,Yes,0,Graduate,Unemployed,2132,1591,96,30,1,No,Semiurban,Approved
1197,Male,Yes,0,Graduate,Unemployed,3366,2200,135,30,1,Yes,Rural,Not Approved
1198,Male,Yes,1,Graduate,Unemployed,8080,2250,180,30,1,No,Urban,Approved
1199,Male,Yes,2,Not Graduate,Unemployed,3357,2859,144,30,1,No,Urban,Approved
1203,Male,No,0,Graduate,Unemployed,3150,0,176,30,0,Yes,Semiurban,Not Approved
1205,Male,Yes,0,Graduate,Unemployed,2500,3796,120,30,1,No,Urban,Approved
1206,Male,Yes,3+,Graduate,Unemployed,3029,0,99,30,1,No,Urban,Approved
1207,Male,Yes,0,Not Graduate,Employed,2609,3449,165,15,0,Yes,Rural,Not Approved
1208,Male,Yes,2,Graduate,,7350,4029,185,15,1,No,Urban,Approved
1210,Male,Yes,0,Graduate,Employed,2267,2792,90,30,1,No,Urban,Approved
1211,Male,No,0,Graduate,Employed,5833,0,116,30,1,Yes,Urban,Not Approved
1213,Male,Yes,1,Graduate,Unemployed,4945,0,,30,0,Yes,Rural,Not Approved
1219,Male,No,0,Graduate,Unemployed,3643,1963,138,30,1,No,Urban,Approved
1220,Male,Yes,0,Graduate,Unemployed,5629,818,100,30,1,Yes,Urban,Not Approved
1221,Female,No,0,Graduate,Unemployed,3644,0,110,30,1,No,Urban,Approved
1222,Female,No,0,Graduate,Unemployed,4166,0,116,30,0,Yes,Semiurban,Not Approved
1225,Male,Yes,0,Graduate,Unemployed,5726,4595,258,30,1,Yes,Semiurban,Not Approved
1226,Male,Yes,0,Not Graduate,Unemployed,1750,2024,90,30,1,Yes,Semiurban,Not Approved
1228,Male,No,0,Not Graduate,Unemployed,3200,2254,126,15,0,Yes,Urban,Not Approved
1230,Male,No,0,Graduate,Unemployed,6500,2600,200,30,1,No,Semiurban,Approved
1231,Female,No,0,Graduate,Unemployed,3666,0,84,30,1,No,Urban,Approved
1232,Male,Yes,0,Graduate,Unemployed,4260,3900,185,,,Yes,Urban,Not Approved
1233,Male,Yes,1,Graduate,Unemployed,10750,0,312,30,1,No,Urban,Approved
1237,Male,Yes,,Not Graduate,Unemployed,4163,1475,162,30,1,Yes,Urban,Not Approved
1238,Male,Yes,3+,Not Graduate,Employed,7100,0,125,5,1,No,Urban,Approved
1241,Female,No,0,Graduate,Unemployed,4300,0,136,30,0,Yes,Semiurban,Not Approved
1242,Male,No,0,Not Graduate,Unemployed,2356,1902,108,30,1,Yes,Semiurban,Not Approved
1243,Male,Yes,0,Graduate,Unemployed,3208,3066,172,30,1,No,Urban,Approved
1245,Male,Yes,2,Not Graduate,Employed,1875,1875,97,30,1,No,Semiurban,Approved
1248,Male,No,0,Graduate,Unemployed,3500,0,81,25,1,No,Semiurban,Approved
1250,Male,Yes,3+,Not Graduate,Unemployed,4755,0,95,0,0,Yes,Semiurban,Not Approved
1253,Male,Yes,3+,Graduate,Employed,5266,1774,187,30,1,No,Semiurban,Approved
1255,Male,No,0,Graduate,Unemployed,3750,0,113,40,1,Yes,Urban,Not Approved
1256,Male,No,0,Graduate,Unemployed,3750,4750,176,30,1,Yes,Urban,Not Approved
1259,Male,Yes,1,Graduate,Employed,1000,3022,110,30,1,Yes,Urban,Not Approved
1263,Male,Yes,3+,Graduate,Unemployed,3167,4000,180,25,0,Yes,Semiurban,Not Approved
1264,Male,Yes,3+,Not Graduate,Employed,3333,2166,130,30,,No,Semiurban,Approved
1265,Female,No,0,Graduate,Unemployed,3846,0,111,30,1,No,Semiurban,Approved
1266,Male,Yes,1,Graduate,Employed,2395,0,,30,1,No,Semiurban,Approved
1267,Female,Yes,2,Graduate,Unemployed,1378,1881,167,30,1,Yes,Urban,Not Approved
1268,Male,No,0,Graduate,Unemployed,6792,3338,187,,1,No,Urban,Approved
1270,Male,Yes,3+,Not Graduate,Employed,8000,250,187,30,1,No,Semiurban,Approved
1273,Male,Yes,0,Graduate,Unemployed,6000,2250,265,30,,Yes,Semiurban,Not Approved
1275,Male,Yes,1,Graduate,Unemployed,3988,0,50,20,1,No,Urban,Approved
1279,Male,No,0,Graduate,Unemployed,2366,2531,136,30,1,No,Semiurban,Approved
1280,Male,Yes,2,Not Graduate,Unemployed,3333,2000,99,30,,No,Semiurban,Approved
1282,Male,Yes,0,Graduate,Unemployed,2500,2118,104,30,1,No,Semiurban,Approved
1284,Male,Yes,1,Graduate,Unemployed,2419,1707,124,30,1,Yes,Urban,Not Approved
1287,,Yes,3+,Not Graduate,Unemployed,3500,833,120,30,1,Yes,Semiurban,Not Approved
1289,Male,No,0,Graduate,Unemployed,8566,0,210,30,1,No,Urban,Approved
1291,Male,Yes,1,Graduate,Unemployed,3500,3077,160,30,1,No,Semiurban,Approved
1298,Male,Yes,2,Graduate,Unemployed,4116,1000,30,15,1,No,Urban,Approved
1310,Male,Yes,0,Graduate,Unemployed,5695,4167,175,30,1,No,Semiurban,Approved
1312,Male,Yes,0,Not Graduate,Employed,5293,0,92,30,1,No,Urban,Approved
1313,Male,No,0,Graduate,Unemployed,2750,0,130,30,0,Yes,Urban,Not Approved
1316,Male,Yes,0,Graduate,Unemployed,2958,2900,131,30,1,No,Semiurban,Approved
1317,Female,No,0,Not Graduate,Unemployed,4402,0,130,30,1,No,Rural,Approved
1318,Male,Yes,2,Graduate,Unemployed,6250,5654,188,15,1,No,Semiurban,Approved
1319,Male,Yes,2,Not Graduate,Unemployed,3273,1820,81,30,1,No,Urban,Approved
1321,Male,Yes,2,Graduate,Unemployed,3613,3539,134,15,1,Yes,Semiurban,Not Approved
1322,Male,No,0,Graduate,Unemployed,4133,0,122,30,1,No,Semiurban,Approved
1323,Female,Yes,2,Graduate,Unemployed,2779,3664,176,30,0,No,Semiurban,Approved
1324,Male,Yes,3+,Graduate,Unemployed,4720,0,90,15,1,No,Semiurban,Approved
1325,Male,No,0,Not Graduate,Unemployed,3620,0,25,10,1,No,Semiurban,Approved
1326,Male,No,0,Graduate,,6782,0,,30,,Yes,Urban,Not Approved
1327,Female,Yes,0,Graduate,Unemployed,2484,2302,137,30,1,No,Semiurban,Approved
1332,Male,Yes,0,Not Graduate,Unemployed,2415,1721,110,30,1,No,Semiurban,Approved
1333,Male,Yes,0,Graduate,Unemployed,1977,997,50,30,1,No,Semiurban,Approved
1334,Male,Yes,0,Not Graduate,Unemployed,4188,0,115,15,1,No,Semiurban,Approved
1335,Male,Yes,0,Graduate,Employed,7016,292,125,30,1,No,Urban,Approved
1338,Female,No,2,Graduate,Unemployed,4968,0,189,30,1,Yes,Semiurban,Not Approved
1343,Male,Yes,0,Graduate,Unemployed,1759,3541,131,30,1,No,Semiurban,Approved
1345,Male,Yes,2,Not Graduate,Unemployed,4288,3263,133,15,1,No,Urban,Approved
1347,Female,No,0,Graduate,Unemployed,2101,1500,108,30,0,No,Rural,Approved
1348,Male,Yes,3+,Not Graduate,Unemployed,4490,0,125,30,1,Yes,Urban,Not Approved
1349,Male,No,0,Graduate,Unemployed,4843,3806,151,30,1,No,Semiurban,Approved
1350,Male,Yes,,Graduate,Unemployed,13650,0,,30,1,No,Urban,Approved
1351,Male,Yes,0,Graduate,Unemployed,2917,3583,138,30,1,Yes,Semiurban,Not Approved
1352,Male,Yes,0,Not Graduate,Unemployed,4700,0,135,30,0,Yes,Semiurban,Not Approved
1356,Male,Yes,0,Graduate,Unemployed,4652,3583,,30,1,No,Semiurban,Approved
1357,Male,,,Graduate,Unemployed,3816,754,160,30,1,No,Urban,Approved
1358,Male,Yes,0,Graduate,Unemployed,3445,0,130,30,0,Yes,Semiurban,Not Approved
1359,Male,Yes,0,Graduate,Unemployed,7666,0,187,30,1,No,Semiurban,Approved
1361,Male,Yes,0,Graduate,Unemployed,2458,5105,188,30,0,Yes,Rural,Not Approved
1366,Female,No,,Graduate,Unemployed,3250,0,95,30,1,No,Semiurban,Approved
1367,Male,Yes,1,Graduate,Unemployed,3052,1030,100,30,1,No,Urban,Approved
1368,Male,No,0,Graduate,Unemployed,4463,0,65,30,1,No,Semiurban,Approved
1369,Male,Yes,2,Graduate,Unemployed,11417,1126,225,30,1,No,Urban,Approved
1370,Male,No,0,Not Graduate,,7333,0,120,30,1,Yes,Rural,Not Approved
1375,Male,Yes,1,Graduate,,4083,1775,139,5,1,Yes,Urban,Not Approved
1379,Male,Yes,2,Graduate,Unemployed,3800,3600,216,30,0,Yes,Urban,Not Approved
1380,Male,Yes,0,Graduate,Employed,3900,2094,232,30,1,No,Rural,Approved
1384,Male,Yes,3+,Not Graduate,Unemployed,2071,754,94,40,1,No,Semiurban,Approved
1385,Male,No,0,Graduate,Unemployed,5316,0,136,30,1,No,Urban,Approved
1386,Male,Yes,0,Not Graduate,Unemployed,4750,3583,144,30,1,No,Semiurban,Approved
1387,Female,Yes,0,Graduate,,2929,2333,139,30,1,No,Semiurban,Approved
1391,Male,Yes,0,Not Graduate,Unemployed,3572,4114,152,0,0,Yes,Rural,Not Approved
1392,Female,No,1,Graduate,Employed,7451,0,,30,1,No,Semiurban,Approved
1398,Male,No,0,Graduate,,5050,0,118,30,1,No,Semiurban,Approved
1400,Male,No,0,Graduate,Unemployed,3583,3435,155,30,1,Yes,Urban,Not Approved
1401,Male,Yes,1,Graduate,Unemployed,14583,0,185,15,1,No,Rural,Approved
1404,Female,Yes,0,Graduate,Unemployed,3167,2283,154,30,1,No,Semiurban,Approved
1405,Male,Yes,1,Graduate,Unemployed,2214,1398,85,30,,No,Urban,Approved
1407,Male,Yes,0,Graduate,Unemployed,3189,2367,186,30,1,No,Urban,Approved
1413,Male,No,0,Graduate,Employed,6356,0,50,30,1,No,Rural,Approved
1415,Male,Yes,1,Graduate,Unemployed,3413,4053,,30,1,No,Semiurban,Approved
1419,Female,Yes,0,Graduate,Unemployed,7950,0,185,30,1,No,Urban,Approved
1420,Male,Yes,3+,Graduate,Unemployed,3829,1103,163,30,0,Yes,Urban,Not Approved
1421,Male,Yes,0,Graduate,Unemployed,5568,2142,175,30,1,Yes,Rural,Not Approved
1422,Female,No,0,Graduate,Unemployed,10408,0,259,30,1,No,Urban,Approved
1426,Male,Yes,,Graduate,Unemployed,5667,2667,180,30,1,No,Rural,Approved
1428,Male,Yes,3+,Graduate,Unemployed,72529,0,360,30,1,No,Urban,Approved
1430,Female,No,0,Graduate,Unemployed,4166,0,44,30,1,No,Semiurban,Approved
1431,Female,No,0,Graduate,Unemployed,2137,8980,137,30,0,No,Semiurban,Approved
1432,Male,Yes,2,Graduate,Unemployed,2957,0,81,30,1,No,Semiurban,Approved
1439,Male,Yes,0,Not Graduate,Unemployed,4300,2014,194,30,1,No,Rural,Approved
1443,Female,No,0,Graduate,Unemployed,3692,0,93,30,,No,Rural,Approved
1445,Male,Yes,2,Not Graduate,Unemployed,4136,0,149,40,0,Yes,Rural,Not Approved
1446,Male,Yes,0,Graduate,Unemployed,8449,0,257,30,1,No,Rural,Approved
1448,,Yes,3+,Graduate,Unemployed,23803,0,370,30,1,No,Rural,Approved
1449,Male,No,0,Graduate,Unemployed,3865,1640,,30,1,No,Rural,Approved
1450,Male,Yes,0,Graduate,Unemployed,4456,0,131,15,0,No,Semiurban,Approved
1451,Male,Yes,1,Graduate,Employed,10513,3850,160,15,0,Yes,Urban,Not Approved
1452,Male,Yes,2,Graduate,Unemployed,4635,8000,102,15,1,No,Rural,Approved
1455,Male,Yes,0,Graduate,Unemployed,3571,1917,135,30,1,Yes,Urban,Not Approved
1465,Male,Yes,0,Graduate,Unemployed,6080,2569,182,30,,Yes,Rural,Not Approved
1466,Male,No,0,Graduate,Unemployed,3066,0,95,30,1,Yes,Semiurban,Not Approved
1469,Male,No,0,Graduate,Employed,20166,0,650,40,,No,Urban,Approved
1471,Male,No,2,Not Graduate,Unemployed,3235,2015,77,30,1,No,Semiurban,Approved
1472,Female,No,0,Graduate,,5058,0,200,30,1,Yes,Rural,Not Approved
1473,Male,No,0,Graduate,Unemployed,2014,1929,74,30,1,No,Urban,Approved
1475,Male,Yes,0,Graduate,Employed,3188,2286,130,30,,Yes,Rural,Not Approved
1478,Male,No,0,Graduate,Unemployed,2718,0,70,30,1,No,Semiurban,Approved
1482,Male,Yes,0,Graduate,Employed,3459,0,25,10,1,No,Semiurban,Approved
1483,Male,Yes,3+,Graduate,Unemployed,13518,0,390,30,1,No,Rural,Approved
1486,Male,Yes,1,Graduate,Unemployed,4364,2500,185,30,1,Yes,Semiurban,Not Approved
1487,Male,No,0,Graduate,Unemployed,4895,0,102,30,1,No,Semiurban,Approved
1488,Male,Yes,3+,Graduate,Unemployed,4000,7750,290,30,1,Yes,Semiurban,Not Approved
1489,Female,Yes,0,Graduate,Unemployed,4583,0,84,30,1,Yes,Rural,Not Approved
1490,Male,Yes,2,Not Graduate,Unemployed,4766,1646,100,30,1,No,Semiurban,Approved
1491,Male,Yes,2,Graduate,Employed,3316,3500,88,30,1,No,Urban,Approved
1492,Male,No,0,Graduate,Unemployed,14999,0,242,30,0,Yes,Semiurban,Not Approved
1493,Male,Yes,2,Not Graduate,Unemployed,4200,1430,129,30,1,Yes,Rural,Not Approved
1496,Male,Yes,1,Graduate,Unemployed,4609,2333,123,30,0,Yes,Semiurban,Not Approved
1497,Male,Yes,2,Graduate,Unemployed,5042,2083,185,30,1,Yes,Rural,Not Approved
1498,Male,No,0,Graduate,Unemployed,5417,0,168,30,1,No,Urban,Approved
1499,Female,Yes,3+,Graduate,Unemployed,6260,0,110,30,1,No,Semiurban,Approved
1500,Male,Yes,1,Graduate,Unemployed,3333,4200,256,30,1,Yes,Urban,Not Approved
1501,Male,Yes,0,Graduate,Unemployed,3500,3250,140,30,1,Yes,Semiurban,Not Approved
1504,Male,No,0,Graduate,Employed,6950,0,175,15,1,No,Semiurban,Approved
1507,Male,Yes,0,Graduate,Unemployed,2698,2034,122,30,1,No,Semiurban,Approved
1508,Male,Yes,2,Graduate,Unemployed,11757,0,187,15,1,No,Urban,Approved
1514,Female,Yes,0,Graduate,Unemployed,2330,4486,100,30,1,No,Semiurban,Approved
1516,Female,Yes,2,Graduate,Unemployed,14866,0,70,30,1,No,Urban,Approved
1517,Male,Yes,3+,Graduate,Unemployed,9719,0,61,30,1,No,Urban,Approved
1518,Male,Yes,1,Graduate,Unemployed,1538,1425,30,30,1,No,Urban,Approved
1519,Female,No,0,Graduate,Unemployed,10000,1666,225,30,1,Yes,Rural,Not Approved
1520,Male,Yes,0,Graduate,Unemployed,4860,830,125,30,1,No,Semiurban,Approved
1527,Male,Yes,3+,Graduate,Unemployed,6835,0,188,30,,No,Semiurban,Approved
1528,Male,No,0,Graduate,Unemployed,6277,0,118,30,0,Yes,Rural,Not Approved
1529,Male,Yes,0,Graduate,Employed,2577,3750,152,30,1,No,Rural,Approved
1531,Male,No,0,Graduate,Unemployed,9166,0,244,30,1,Yes,Urban,Not Approved
1532,Male,Yes,2,Not Graduate,Unemployed,2281,0,113,30,1,Yes,Rural,Not Approved
1534,Male,No,0,Graduate,Unemployed,4452,0,131,30,1,No,Rural,Approved
1535,Male,No,0,Graduate,Unemployed,3254,0,50,30,1,No,Urban,Approved
1536,Male,Yes,3+,Graduate,Unemployed,39999,0,600,15,0,No,Semiurban,Approved
1541,Male,Yes,1,Graduate,Unemployed,6000,0,160,30,,No,Rural,Approved
1542,Female,Yes,0,Graduate,Unemployed,2262,0,,40,0,No,Semiurban,Approved
1543,Male,Yes,1,Graduate,Unemployed,9538,0,187,30,1,No,Urban,Approved
1546,Male,No,0,Graduate,,2980,2083,120,30,1,No,Rural,Approved
1547,Male,Yes,1,Graduate,Unemployed,3901,0,116,30,1,Yes,Urban,Not Approved
1548,Male,Yes,2,Not Graduate,Unemployed,2687,0,50,15,1,No,Rural,Approved
1552,Male,Yes,0,Graduate,Unemployed,4583,5625,255,30,1,No,Semiurban,Approved
1558,Male,No,0,Graduate,Unemployed,2243,2233,107,30,,No,Semiurban,Approved
1560,Male,Yes,0,Not Graduate,Unemployed,1863,1041,98,30,1,No,Semiurban,Approved
1561,Female,Yes,0,Graduate,Unemployed,3417,1287,200,30,1,No,Semiurban,Approved
1562,Male,Yes,0,Graduate,Unemployed,7933,0,275,30,1,Yes,Urban,Not Approved
1563,,No,0,Graduate,Unemployed,1596,1760,119,30,0,Yes,Urban,Not Approved
1565,Male,Yes,1,Graduate,Unemployed,3089,1280,121,30,0,Yes,Semiurban,Not Approved
1567,Male,Yes,3+,Graduate,Unemployed,4513,0,120,30,1,No,Rural,Approved
1568,Male,Yes,0,Graduate,Unemployed,4500,0,140,30,1,No,Semiurban,Approved
1570,Male,Yes,2,Graduate,Unemployed,4167,1447,158,30,1,No,Rural,Approved
1572,Male,Yes,0,Graduate,Unemployed,9323,0,75,15,1,No,Urban,Approved
1573,Male,Yes,0,Not Graduate,Unemployed,4523,1350,165,30,1,Yes,Urban,Not Approved
1574,Male,Yes,0,Graduate,Unemployed,3707,3166,182,0,1,No,Rural,Approved
1577,Female,Yes,0,Graduate,Unemployed,4583,0,112,30,1,Yes,Rural,Not Approved
1578,Male,Yes,0,Graduate,Unemployed,2439,3333,129,30,1,No,Rural,Approved
1579,Male,No,0,Graduate,Unemployed,2237,0,63,40,0,Yes,Semiurban,Not Approved
1580,Male,Yes,2,Graduate,Unemployed,8000,0,200,30,1,No,Semiurban,Approved
1581,Male,Yes,0,Not Graduate,,1820,1769,95,30,1,No,Rural,Approved
1584,Female,No,0,Graduate,Employed,4742,0,108,30,1,No,Semiurban,Approved
1585,,Yes,3+,Graduate,Unemployed,51763,0,700,25,1,No,Urban,Approved
1586,Male,Yes,3+,Not Graduate,Unemployed,3522,0,81,15,1,Yes,Rural,Not Approved
1587,Male,Yes,,Graduate,Unemployed,4082,0,93,30,1,No,Semiurban,Approved
1589,Female,No,0,Graduate,Unemployed,3417,0,102,30,1,Yes,Urban,Not Approved
1591,Female,Yes,2,Graduate,Unemployed,2922,3396,122,30,1,No,Semiurban,Approved
1594,Male,Yes,0,Graduate,Unemployed,5708,5625,187,30,1,No,Semiurban,Approved
1599,Male,Yes,0,Graduate,Unemployed,4167,4754,160,30,1,No,Rural,Approved
1601,Male,No,3+,Graduate,Unemployed,4243,4123,157,30,,Yes,Semiurban,Not Approved
1603,Male,Yes,0,Not Graduate,Employed,4344,736,87,30,1,Yes,Semiurban,Not Approved
1606,Male,Yes,0,Graduate,Unemployed,3497,1964,116,30,1,No,Rural,Approved
1607,Female,No,0,Not Graduate,Unemployed,0,1760,180,30,1,Yes,Semiurban,Not Approved
1608,Male,Yes,2,Graduate,Unemployed,2045,1619,101,30,1,No,Rural,Approved
1610,Male,Yes,3+,Graduate,Unemployed,5516,11300,495,30,0,Yes,Semiurban,Not Approved
1611,Male,Yes,1,Graduate,Unemployed,1516,2900,80,,0,Yes,Rural,Not Approved
1613,Female,No,0,Graduate,Unemployed,1762,2666,104,30,0,Yes,Urban,Not Approved
1616,Male,Yes,1,Graduate,Unemployed,3750,0,116,30,1,No,Semiurban,Approved
1622,Male,Yes,2,Graduate,Unemployed,724,3510,213,30,0,Yes,Rural,Not Approved
1627,Male,No,0,Graduate,Unemployed,3125,0,65,30,1,No,Urban,Approved
1630,Male,No,0,Not Graduate,Unemployed,2333,1451,102,40,0,Yes,Urban,Not Approved
1633,Male,Yes,1,Graduate,Unemployed,6400,7250,180,30,0,Yes,Urban,Not Approved
1634,Male,No,0,Graduate,Unemployed,1916,5063,67,30,,Yes,Rural,Not Approved
1636,Male,Yes,0,Graduate,Unemployed,4600,0,73,15,1,No,Semiurban,Approved
1637,Male,Yes,1,Graduate,Unemployed,33846,0,260,30,1,Yes,Semiurban,Not Approved
1639,Female,Yes,0,Graduate,Unemployed,3625,0,108,30,1,No,Semiurban,Approved
1640,Male,Yes,0,Graduate,Employed,39147,4750,120,30,1,No,Semiurban,Approved
1641,Male,Yes,1,Graduate,Employed,2178,0,66,25,0,Yes,Rural,Not Approved
1643,Male,Yes,0,Graduate,Unemployed,2383,2138,58,30,,No,Rural,Approved
1644,,Yes,0,Graduate,Employed,674,5296,168,30,1,No,Rural,Approved
1647,Male,Yes,0,Graduate,Unemployed,9328,0,188,15,1,No,Rural,Approved
1650,Male,Yes,0,Graduate,Unemployed,2333,3803,146,30,1,No,Rural,Approved
1651,Male,Yes,3+,Graduate,Unemployed,3350,1560,135,30,1,Yes,Urban,Not Approved
1652,Male,No,0,Graduate,Unemployed,2500,6414,187,30,0,No,Rural,Approved
1653,Male,No,0,Not Graduate,Unemployed,4885,0,48,30,1,No,Rural,Approved
1655,Female,No,0,Graduate,Unemployed,12500,0,300,30,0,No,Urban,Approved
1656,Male,No,0,Graduate,Unemployed,12000,0,164,30,1,Yes,Semiurban,Not Approved
1657,Male,Yes,0,Not Graduate,Unemployed,6033,0,160,30,1,Yes,Urban,Not Approved
1658,Male,No,0,Graduate,Unemployed,3858,0,76,30,1,No,Semiurban,Approved
1660,Male,No,0,Graduate,Unemployed,4667,0,120,30,1,Yes,Semiurban,Not Approved
1662,Male,No,0,Graduate,Unemployed,6500,0,71,30,0,No,Urban,Approved
1663,Male,Yes,2,Graduate,Unemployed,7500,0,225,30,1,No,Urban,Approved
1664,Male,No,0,Graduate,Unemployed,4191,0,120,30,1,No,Rural,Approved
1665,Male,Yes,1,Graduate,Unemployed,3125,2583,170,30,1,Yes,Semiurban,Not Approved
1666,Male,No,0,Graduate,Unemployed,8333,3750,187,30,1,No,Rural,Approved
1667,Male,No,0,Graduate,Unemployed,3073,0,70,15,1,No,Urban,Approved
1669,Female,No,0,Not Graduate,Unemployed,1907,2365,120,0,1,No,Urban,Approved
1671,Female,Yes,0,Graduate,Unemployed,3416,2816,113,30,,No,Semiurban,Approved
1673,Male,No,0,Graduate,Employed,11000,0,83,30,1,Yes,Urban,Not Approved
1674,Male,Yes,1,Not Graduate,Unemployed,2600,2500,90,30,1,No,Semiurban,Approved
1677,Male,No,2,Graduate,Unemployed,4923,0,166,30,0,No,Semiurban,Approved
1682,Male,Yes,3+,Not Graduate,Unemployed,3992,0,,15,1,Yes,Urban,Not Approved
1688,Male,Yes,1,Not Graduate,Unemployed,3500,1083,135,30,1,No,Urban,Approved
1691,Male,Yes,2,Not Graduate,Unemployed,3917,0,124,30,1,No,Semiurban,Approved
1692,Female,No,0,Not Graduate,Unemployed,4408,0,120,30,1,No,Semiurban,Approved
1693,Female,No,0,Graduate,Unemployed,3244,0,80,30,1,No,Urban,Approved
1695,Male,Yes,1,Not Graduate,Unemployed,3321,2088,70,,1,Yes,Semiurban,Not Approved
1698,Male,No,0,Not Graduate,Unemployed,3975,2531,55,30,1,No,Rural,Approved
1699,Male,No,0,Graduate,Unemployed,2479,0,59,30,1,No,Urban,Approved
1702,Male,No,0,Graduate,Unemployed,3418,0,127,30,1,Yes,Semiurban,Not Approved
1703,Male,Yes,0,Graduate,Unemployed,3333,1270,124,30,1,Yes,Urban,Not Approved
1708,Female,No,0,Graduate,Unemployed,10000,0,214,30,1,Yes,Semiurban,Not Approved
1711,Male,Yes,3+,Graduate,Unemployed,3430,1250,128,30,0,Yes,Semiurban,Not Approved
1713,Male,Yes,1,Graduate,Employed,7787,0,240,30,1,No,Urban,Approved
1715,Male,Yes,3+,Not Graduate,Employed,5703,0,130,30,1,No,Rural,Approved
1716,Male,Yes,0,Graduate,Unemployed,3173,3021,137,30,1,No,Urban,Approved
1718,Male,No,0,Graduate,Unemployed,3391,0,132,30,1,Yes,Rural,Not Approved
1720,Male,Yes,3+,Not Graduate,Unemployed,3850,983,100,30,1,No,Semiurban,Approved
1722,Male,Yes,0,Graduate,Unemployed,150,1800,135,30,1,Yes,Rural,Not Approved
1726,Male,Yes,0,Graduate,Unemployed,3727,1775,131,30,1,No,Semiurban,Approved
1728,Male,Yes,1,Graduate,Employed,3343,1517,105,30,1,Yes,Rural,Not Approved
1732,Male,Yes,2,Graduate,,5000,0,72,30,0,Yes,Semiurban,Not Approved
1734,Female,Yes,2,Graduate,Unemployed,4283,2383,127,30,,No,Semiurban,Approved
1735,Female,No,1,Graduate,Unemployed,3620,0,90,30,1,No,Urban,Approved
1736,Male,Yes,0,Graduate,Unemployed,2221,0,60,30,0,Yes,Urban,Not Approved
1737,Male,No,0,Graduate,Unemployed,4000,0,83,7,1,No,Urban,Approved
1739,Male,Yes,0,Graduate,Unemployed,4258,0,125,30,1,Yes,Urban,Not Approved
1742,Male,Yes,2,Graduate,Unemployed,4500,0,147,30,1,No,Rural,Approved
1743,Male,Yes,2,Graduate,Unemployed,4009,1717,116,30,1,No,Semiurban,Approved
1744,Male,No,0,Graduate,Unemployed,2971,2791,144,30,1,No,Semiurban,Approved
1749,Male,Yes,0,Graduate,Unemployed,7578,1010,175,0,1,No,Semiurban,Approved
1750,Male,Yes,0,Graduate,Unemployed,6250,0,128,30,1,No,Semiurban,Approved
1751,Male,Yes,0,Graduate,Unemployed,3250,0,170,30,1,Yes,Rural,Not Approved
1754,Male,Yes,,Not Graduate,Employed,4735,0,138,30,1,Yes,Urban,Not Approved
1757,Male,Yes,1,Graduate,Unemployed,2014,2925,120,30,1,No,Rural,Approved
1758,Male,Yes,2,Graduate,Unemployed,6250,1695,210,30,1,No,Semiurban,Approved
1760,Male,,,Graduate,Unemployed,4758,0,158,40,1,No,Semiurban,Approved
1761,Male,No,0,Graduate,Employed,6400,0,200,30,1,No,Rural,Approved
1765,Male,Yes,1,Graduate,Unemployed,2491,2054,104,30,1,No,Semiurban,Approved
1768,Male,Yes,0,Graduate,,3716,0,42,15,1,No,Rural,Approved
1769,,No,,Graduate,Unemployed,3333,1250,110,30,1,Yes,Semiurban,Not Approved
1770,Male,No,0,Not Graduate,Unemployed,3189,2598,120,0,1,No,Rural,Approved
1771,Female,No,3+,Graduate,Unemployed,4083,0,103,30,,No,Semiurban,Approved
1776,Female,No,0,Graduate,Unemployed,8333,0,280,30,1,No,Semiurban,Approved
1778,Male,Yes,1,Graduate,Unemployed,3155,1779,140,30,1,No,Semiurban,Approved
1784,Male,Yes,1,Graduate,Unemployed,5500,1260,170,30,1,No,Rural,Approved
1785,Male,No,0,Graduate,Unemployed,4727,0,150,30,0,Yes,Rural,Not Approved
1786,Male,Yes,0,Graduate,,5746,0,255,30,,Yes,Urban,Not Approved
1787,Male,Yes,3+,Graduate,Unemployed,3089,2999,100,20,1,No,Rural,Approved
1788,Female,No,0,Graduate,Employed,3463,0,122,30,,No,Urban,Approved
1789,Male,Yes,3+,Not Graduate,,6794,528,139,30,0,Yes,Urban,Not Approved
1790,Female,No,1,Graduate,Unemployed,3812,0,112,30,1,No,Rural,Approved
1791,Male,Yes,0,Graduate,Employed,32000,0,550,30,,No,Semiurban,Approved
1792,Male,Yes,1,Graduate,Unemployed,3315,0,96,30,1,No,Semiurban,Approved
1794,Male,Yes,2,Graduate,Employed,10890,0,260,12,1,No,Rural,Approved
1797,Female,No,0,Graduate,Unemployed,12941,0,150,25,1,Yes,Urban,Not Approved
1798,Male,Yes,2,Graduate,Unemployed,5819,5000,120,30,1,No,Rural,Approved
1800,Male,Yes,1,Not Graduate,Unemployed,2510,1983,140,15,1,Yes,Urban,Not Approved
1806,Male,No,0,Graduate,Unemployed,2965,5701,155,5,1,No,Urban,Approved
1807,Male,Yes,2,Graduate,Employed,6250,1300,108,30,1,No,Rural,Approved
1811,Male,Yes,0,Not Graduate,Unemployed,3406,4417,123,30,1,No,Semiurban,Approved
1813,Male,No,0,Graduate,Employed,6050,4333,120,15,1,Yes,Urban,Not Approved
1814,Male,Yes,2,Graduate,Unemployed,9703,0,112,30,1,No,Urban,Approved
1815,Male,No,0,Not Graduate,Unemployed,3276,0,90,30,1,No,Semiurban,Approved
1817,Male,No,0,Not Graduate,Employed,8703,0,199,30,0,No,Rural,Approved
1818,Male,Yes,1,Graduate,Unemployed,4742,717,139,30,1,Yes,Semiurban,Not Approved
1819,Male,Yes,1,Not Graduate,Unemployed,6608,0,137,15,1,No,Urban,Approved
1822,Male,No,0,Graduate,Unemployed,5900,0,150,30,1,No,Urban,Approved
1824,Male,Yes,1,Graduate,Unemployed,2882,1843,123,40,1,No,Semiurban,Approved
1825,Male,Yes,0,Graduate,Unemployed,1809,1868,90,30,1,No,Urban,Approved
1827,Male,No,0,Graduate,Unemployed,3071,4309,180,30,1,Yes,Urban,Not Approved
1831,Male,Yes,0,Graduate,Unemployed,2783,1456,113,30,1,Yes,Urban,Not Approved
1835,Male,Yes,0,Not Graduate,Unemployed,1668,3890,201,30,0,Yes,Semiurban,Not Approved
1836,Female,No,2,Graduate,Unemployed,3427,0,138,30,1,Yes,Urban,Not Approved
1841,Male,No,0,Not Graduate,Employed,2583,2167,104,30,1,No,Rural,Approved
1842,Male,No,0,Graduate,Unemployed,5000,0,148,30,1,Yes,Rural,Not Approved
1843,Male,Yes,1,Not Graduate,Unemployed,2661,7101,279,15,1,No,Semiurban,Approved
1844,Male,No,0,Graduate,Employed,16250,0,192,30,0,Yes,Urban,Not Approved
1846,Female,No,3+,Graduate,Unemployed,3083,0,255,30,1,No,Rural,Approved
1849,Male,No,0,Not Graduate,Unemployed,6045,0,115,30,0,Yes,Rural,Not Approved
1853,Male,Yes,1,Not Graduate,Unemployed,2463,2360,117,30,0,Yes,Urban,Not Approved
1854,Male,Yes,3+,Graduate,Unemployed,5250,0,94,30,1,Yes,Urban,Not Approved
1855,Male,Yes,2,Graduate,Unemployed,4855,0,72,30,1,No,Rural,Approved
1857,Male,No,0,Not Graduate,Employed,1599,2474,125,25,1,No,Semiurban,Approved
1859,Male,Yes,0,Graduate,Unemployed,14683,2100,304,30,1,Yes,Rural,Not Approved
1862,Male,Yes,2,Graduate,Employed,4246,4246,214,30,1,No,Urban,Approved
1864,Male,Yes,3+,Not Graduate,Unemployed,4931,0,128,30,,Yes,Semiurban,Not Approved
1865,Male,Yes,1,Graduate,Unemployed,6083,4250,330,30,,No,Urban,Approved
1867,Male,Yes,0,Graduate,Unemployed,4333,2291,133,30,1,No,Rural,Approved
1868,Male,No,0,Graduate,Unemployed,2060,2209,134,30,1,No,Semiurban,Approved
1870,Female,No,1,Graduate,Unemployed,3481,0,155,3,1,Yes,Semiurban,Not Approved
1871,Female,No,0,Graduate,Unemployed,7200,0,120,30,1,No,Rural,Approved
1872,Male,No,0,Graduate,Employed,5166,0,128,30,1,No,Semiurban,Approved
1875,Male,No,0,Graduate,Unemployed,4095,3447,151,30,1,No,Rural,Approved
1877,Male,Yes,2,Graduate,Unemployed,4708,1387,150,30,1,No,Semiurban,Approved
1878,Male,No,1,Graduate,Unemployed,5823,2529,187,30,1,Yes,Semiurban,Not Approved
1881,Male,Yes,0,Not Graduate,Unemployed,7895,0,143,30,1,No,Rural,Approved
1882,Male,Yes,3+,Graduate,Unemployed,4333,1811,160,30,0,No,Urban,Approved
1883,Female,No,0,Graduate,,3418,0,135,30,1,Yes,Rural,Not Approved
1884,Female,No,1,Graduate,Unemployed,2876,1560,90,30,1,No,Urban,Approved
1886,Male,No,0,Graduate,Unemployed,4150,4256,209,30,1,Yes,Rural,Not Approved
1888,Female,No,0,Graduate,Unemployed,3237,0,30,30,1,No,Urban,Approved
1891,Male,Yes,0,Graduate,Unemployed,11146,0,136,30,1,No,Urban,Approved
1892,Male,No,0,Graduate,Unemployed,2833,1857,126,30,1,No,Rural,Approved
1894,Male,Yes,0,Graduate,Unemployed,2620,2223,150,30,1,No,Semiurban,Approved
1896,Male,Yes,2,Graduate,Unemployed,3900,0,90,30,1,No,Semiurban,Approved
1900,Male,Yes,1,Graduate,Unemployed,2750,1842,115,30,1,No,Semiurban,Approved
1903,Male,Yes,0,Graduate,Unemployed,3993,3274,207,30,1,No,Semiurban,Approved
1904,Male,Yes,0,Graduate,Unemployed,3103,1300,80,30,1,No,Urban,Approved
1906,Male,No,0,Graduate,,2964,0,84,30,0,Yes,Semiurban,Not Approved
1907,Male,Yes,0,Graduate,Unemployed,14583,0,436,30,1,No,Semiurban,Approved
1908,Female,Yes,0,Not Graduate,Unemployed,4100,0,124,30,,No,Rural,Approved
1909,Male,No,0,Graduate,Unemployed,5583,0,116,30,1,No,Urban,Approved
1910,Male,No,1,Not Graduate,Employed,4053,2426,158,30,0,Yes,Urban,Not Approved
1911,Female,No,0,Graduate,Unemployed,2708,0,65,30,1,No,Rural,Approved
1914,Male,Yes,0,Graduate,Unemployed,3927,800,112,30,1,No,Semiurban,Approved
1915,Male,Yes,2,Graduate,Unemployed,2301,985.7999878,78,15,1,No,Urban,Approved
1917,Female,No,0,Graduate,Unemployed,1811,1666,54,30,1,No,Urban,Approved
1921,Male,No,1,Graduate,Unemployed,3180,2370,80,20,,No,Rural,Approved
1922,Male,Yes,0,Graduate,Unemployed,20667,0,,30,1,Yes,Rural,Not Approved
1923,Male,No,0,Not Graduate,Unemployed,2268,0,170,30,0,Yes,Semiurban,Not Approved
1924,Male,No,0,Graduate,Unemployed,3158,3053,89,30,1,No,Rural,Approved
1925,Female,No,0,Graduate,Employed,2600,1717,99,25,1,Yes,Semiurban,Not Approved
1926,Male,Yes,0,Graduate,Unemployed,3704,2000,120,30,1,No,Rural,Approved
1931,Female,No,0,Graduate,Unemployed,4124,0,115,30,1,No,Semiurban,Approved
1933,Male,No,2,Not Graduate,Unemployed,1141,2017,120,30,0,Yes,Urban,Not Approved
1935,Male,No,0,Graduate,Unemployed,9508,0,187,30,1,No,Rural,Approved
1936,Male,Yes,0,Graduate,Unemployed,3075,2416,139,30,1,No,Rural,Approved
1938,Male,Yes,2,Graduate,Unemployed,4400,0,127,30,0,Yes,Semiurban,Not Approved
1940,Male,Yes,2,Graduate,Unemployed,3153,1560,134,30,1,No,Urban,Approved
1943,Male,Yes,0,Graduate,Unemployed,3042,3167,135,30,1,Yes,Urban,Not Approved
1945,Female,No,,Graduate,Unemployed,5417,0,143,40,0,Yes,Urban,Not Approved
1947,Male,Yes,0,Graduate,Unemployed,2383,3334,172,30,1,No,Semiurban,Approved
1949,Male,Yes,3+,Graduate,,4416,1250,110,30,1,No,Urban,Approved
1950,Female,Yes,3+,Graduate,,1750,2935,94,30,0,No,Semiurban,Approved
1953,Male,Yes,1,Graduate,Unemployed,6875,0,200,30,1,No,Semiurban,Approved
1954,Female,Yes,1,Graduate,Unemployed,4666,0,135,30,1,No,Urban,Approved
1955,Female,No,0,Graduate,Unemployed,5000,2541,151,40,1,Yes,Rural,Not Approved
1959,Female,Yes,1,Graduate,Unemployed,3564,0,79,30,1,Yes,Rural,Not Approved
1961,Female,No,0,Graduate,Unemployed,3958,0,110,30,1,Yes,Rural,Not Approved
1963,Male,Yes,1,Graduate,Unemployed,2014,2925,113,30,1,Yes,Urban,Not Approved
1964,Male,Yes,0,Not Graduate,Unemployed,1800,2934,93,30,0,Yes,Urban,Not Approved
1972,Male,Yes,,Not Graduate,Unemployed,2875,1750,105,30,1,No,Semiurban,Approved
1973,Male,Yes,2,Not Graduate,Unemployed,4483,0,130,30,1,No,Rural,Approved
1974,Female,No,0,Graduate,Unemployed,5000,0,132,30,1,No,Rural,Approved
1975,Male,Yes,0,Graduate,Unemployed,5225,0,143,30,1,No,Rural,Approved
1977,Male,Yes,1,Graduate,Unemployed,1625,1803,96,30,1,No,Urban,Approved
1978,Male,No,0,Graduate,Unemployed,4000,2500,140,30,1,No,Rural,Approved
1979,Male,No,0,Graduate,Unemployed,3017,2845,159,15,0,Yes,Urban,Not Approved
1990,Male,No,0,Not Graduate,Unemployed,2000,0,,30,1,Yes,Urban,Not Approved
1993,Female,No,0,Graduate,Unemployed,3762,1666,135,30,1,No,Rural,Approved
1994,Female,No,0,Graduate,Unemployed,2400,1863,104,30,0,Yes,Urban,Not Approved
1995,Male,Yes,0,Not Graduate,Unemployed,2431,1820,110,30,0,Yes,Rural,Not Approved
1996,Male,No,0,Graduate,Unemployed,20233,0,480,30,1,Yes,Rural,Not Approved
1998,Male,Yes,2,Not Graduate,Unemployed,7667,0,185,30,,No,Rural,Approved
1999,Male,Yes,2,Graduate,,4912,4614,160,30,1,Yes,Rural,Not Approved
2002,Female,No,0,Graduate,Unemployed,2917,0,84,30,1,No,Semiurban,Approved
2004,Male,No,0,Not Graduate,Unemployed,2927,2405,111,30,1,No,Semiurban,Approved
2006,Female,No,0,Graduate,Unemployed,2507,0,56,30,1,No,Rural,Approved
2007,Male,Yes,2,Not Graduate,Unemployed,2500,3333,131,30,1,Yes,Urban,Not Approved
2008,Male,Yes,2,Graduate,Employed,5746,0,144,7,,No,Rural,Approved
2009,Female,No,0,Graduate,Unemployed,2918,0,65,30,,No,Rural,Approved
2016,Male,Yes,2,Graduate,Unemployed,5128,0,143,30,1,No,Rural,Approved
2017,Male,Yes,3+,Graduate,Unemployed,15312,0,187,30,,No,Urban,Approved
2018,Male,Yes,2,Graduate,Unemployed,3958,2632,160,30,1,Yes,Semiurban,Not Approved
2024,,Yes,0,Graduate,Unemployed,2473,1843,159,30,1,Yes,Rural,Not Approved
2027,Male,Yes,0,Graduate,Unemployed,4334,2945,165,30,1,Yes,Semiurban,Not Approved
2028,Male,Yes,2,Graduate,Unemployed,4358,0,110,30,1,Yes,Urban,Not Approved
2031,Male,Yes,1,Not Graduate,Unemployed,3399,1640,111,15,1,No,Urban,Approved
2035,Male,Yes,2,Graduate,Unemployed,3717,0,120,30,1,No,Semiurban,Approved
2036,Male,Yes,0,Graduate,Unemployed,2058,2134,88,30,,No,Urban,Approved
2042,Female,Yes,1,Graduate,Unemployed,4000,3917,173,30,1,No,Rural,Approved
2043,Female,No,1,Graduate,Unemployed,3541,0,112,30,,No,Semiurban,Approved
2045,Male,Yes,3+,Graduate,Unemployed,10166,750,150,,1,No,Urban,Approved
2046,Male,Yes,0,Not Graduate,Unemployed,4483,0,135,30,,Yes,Semiurban,Not Approved
2047,Male,Yes,2,Not Graduate,Unemployed,4521,1184,150,30,1,Yes,Semiurban,Not Approved
2050,Male,Yes,1,Graduate,Employed,10000,0,155,30,1,Yes,Rural,Not Approved
2051,Male,Yes,0,Graduate,Unemployed,2400,2167,115,30,1,No,Semiurban,Approved
2053,Male,Yes,3+,Graduate,Unemployed,4342,189,124,30,1,No,Semiurban,Approved
2054,Male,Yes,2,Not Graduate,Unemployed,3601,1590,,30,1,No,Rural,Approved
2055,Female,No,0,Graduate,Unemployed,3166,2985,132,30,,No,Rural,Approved
2056,Male,Yes,2,Graduate,Unemployed,9167,0,235,30,1,No,Semiurban,Approved
2057,Male,Yes,0,Not Graduate,Unemployed,13083,0,,30,1,No,Rural,Approved
2059,Male,Yes,2,Graduate,Unemployed,7874,3967,336,30,1,No,Rural,Approved
2062,Female,Yes,1,Graduate,Unemployed,4333,0,132,7,1,No,Rural,Approved
2064,Male,No,0,Graduate,Unemployed,4083,0,96,30,1,No,Urban,Approved
2065,Male,Yes,3+,Graduate,Unemployed,15000,0,300,30,1,No,Rural,Approved
2067,Male,Yes,1,Graduate,Employed,8666,4983,376,30,0,Yes,Rural,Not Approved
2068,Male,No,0,Graduate,Unemployed,4917,0,130,30,0,No,Rural,Approved
2069,Male,Yes,2,Not Graduate,,3785,2912,180,30,0,Yes,Rural,Not Approved
2070,Male,Yes,3+,Not Graduate,Unemployed,2654,1998,128,30,0,Yes,Rural,Not Approved
2077,Male,Yes,1,Graduate,Unemployed,10000,2690,412,30,1,No,Semiurban,Approved
2082,Male,Yes,0,Graduate,Employed,5818,2160,184,30,1,No,Semiurban,Approved
2083,Male,No,0,Graduate,Employed,5833,0,116,30,1,No,Urban,Approved
2086,Female,Yes,0,Graduate,Unemployed,4333,2451,110,30,1,Yes,Urban,Not Approved
2087,Female,No,0,Graduate,Unemployed,2500,0,67,30,1,No,Urban,Approved
2090,Male,Yes,1,Graduate,Unemployed,4796,0,114,30,0,Yes,Semiurban,Not Approved
2096,Male,Yes,0,Not Graduate,Unemployed,2000,1600,115,30,1,No,Rural,Approved
2097,Male,No,1,Graduate,Unemployed,4384,1793,117,30,1,No,Urban,Approved
2098,Male,No,0,Graduate,Unemployed,2935,0,98,30,1,No,Semiurban,Approved
2099,Male,Yes,2,Graduate,Unemployed,2540,700,104,30,0,Yes,Urban,Not Approved
2100,Male,No,,Graduate,Unemployed,2833,0,71,30,1,No,Urban,Approved
2101,Male,Yes,0,Graduate,,63337,0,490,15,1,No,Urban,Approved
2102,Male,Yes,0,Graduate,Employed,1900,1442,88,30,1,No,Rural,Approved
2103,,Yes,1,Graduate,Employed,9833,1833,182,15,1,No,Urban,Approved
2105,Male,Yes,0,Graduate,Employed,8706,0,108,40,1,No,Rural,Approved
2106,Male,Yes,,Graduate,Employed,5503,4490,70,0,1,No,Semiurban,Approved
2107,Male,Yes,3+,Not Graduate,Unemployed,2855,542,90,30,1,Yes,Urban,Not Approved
2110,Male,Yes,1,Graduate,,5250,688,160,30,1,No,Rural,Approved
2111,Male,Yes,,Graduate,Unemployed,3016,1300,100,30,,No,Urban,Approved
2112,Male,Yes,2,Graduate,Employed,2500,4600,176,30,1,No,Rural,Approved
2113,Female,No,3+,Not Graduate,Unemployed,1830,0,,30,0,Yes,Urban,Not Approved
2114,Female,No,0,Graduate,Unemployed,4160,0,71,30,1,No,Semiurban,Approved
2115,Male,Yes,3+,Not Graduate,Unemployed,2647,1587,173,30,1,Yes,Rural,Not Approved
2116,Female,No,0,Graduate,Unemployed,2378,0,46,30,1,Yes,Rural,Not Approved
2117,Female,Yes,0,Graduate,Unemployed,3159,2374,108,30,1,No,Semiurban,Approved
2118,Female,No,0,Graduate,Unemployed,1937,1152,78,30,1,No,Semiurban,Approved
2119,Male,Yes,1,Not Graduate,Unemployed,4554,1229,158,30,1,No,Urban,Approved
2123,Male,Yes,0,Graduate,Unemployed,2613,2417,123,30,1,Yes,Semiurban,Not Approved
2125,Male,Yes,1,Graduate,Unemployed,4960,2600,187,30,1,Yes,Semiurban,Not Approved
2126,Male,Yes,3+,Not Graduate,Unemployed,3173,0,74,30,1,No,Semiurban,Approved
2128,Male,Yes,2,Graduate,,2583,2330,125,30,1,No,Rural,Approved
2129,Male,Yes,0,Graduate,Unemployed,2499,2458,160,30,1,No,Semiurban,Approved
2130,Male,Yes,,Not Graduate,Unemployed,3523,3230,152,30,0,Yes,Rural,Not Approved
2131,Male,Yes,2,Not Graduate,Unemployed,3083,2168,126,30,1,No,Urban,Approved
2137,Male,Yes,0,Graduate,Unemployed,6333,4583,259,30,,No,Semiurban,Approved
2138,Male,Yes,0,Graduate,Unemployed,2625,6250,187,30,1,No,Rural,Approved
2139,Male,Yes,0,Graduate,Unemployed,9083,0,228,30,1,No,Semiurban,Approved
2140,Male,No,0,Graduate,Unemployed,8750,4167,308,30,1,Yes,Rural,Not Approved
2141,Male,Yes,3+,Graduate,Unemployed,2666,2083,95,30,1,No,Rural,Approved
2142,Female,Yes,0,Graduate,Employed,5500,0,105,30,0,Yes,Rural,Not Approved
2143,Female,Yes,0,Graduate,Unemployed,2423,505,130,30,1,No,Semiurban,Approved
2144,Female,No,,Graduate,Unemployed,3813,0,116,15,1,No,Urban,Approved
2148,Male,Yes,1,Graduate,Unemployed,3074,1083,146,30,1,Yes,Semiurban,Not Approved
2149,Male,Yes,2,Graduate,Unemployed,8333,3167,165,30,1,No,Rural,Approved
2151,Male,Yes,1,Graduate,Unemployed,3875,0,67,30,1,Yes,Urban,Not Approved
2152,Female,No,0,Graduate,Unemployed,4213,0,80,30,1,No,Urban,Approved
2158,Male,Yes,0,Not Graduate,Unemployed,3000,1666,100,40,0,Yes,Urban,Not Approved
2160,Male,Yes,3+,Graduate,Unemployed,5167,3167,200,30,1,No,Semiurban,Approved
2161,Female,No,1,Graduate,Unemployed,4723,0,81,30,1,Yes,Semiurban,Not Approved
2165,,No,1,Not Graduate,Unemployed,2038,4027,100,30,1,Yes,Rural,Not Approved
2167,Female,No,0,Graduate,Unemployed,2362,0,55,30,1,No,Urban,Approved
2168,Male,No,0,Graduate,Unemployed,5333,2400,200,30,0,No,Rural,Approved
2170,Male,Yes,2,Graduate,Unemployed,5000,3667,236,30,1,No,Semiurban,Approved
2172,Male,Yes,3+,Graduate,Employed,5384,0,150,30,1,Yes,Semiurban,Not Approved
2175,Male,Yes,0,Graduate,Unemployed,4750,2333,130,30,1,No,Urban,Approved
2176,Male,No,0,Graduate,Unemployed,5708,0,150,30,1,Yes,Rural,Not Approved
2178,Male,Yes,0,Graduate,Unemployed,3013,3033,95,25,,No,Urban,Approved
2180,Male,No,0,Graduate,Employed,6822,0,141,30,1,No,Rural,Approved
2181,Male,No,0,Not Graduate,Unemployed,6216,0,133,30,1,Yes,Rural,Not Approved
2183,Male,Yes,0,Not Graduate,Unemployed,3754,3719,118,,1,No,Rural,Approved
2184,Male,Yes,0,Not Graduate,Unemployed,2914,2130,150,25,1,Yes,Urban,Not Approved
2186,Male,Yes,0,Not Graduate,Unemployed,2747,2458,118,36,1,Yes,Semiurban,Not Approved
2187,Male,No,0,Graduate,Unemployed,2500,0,96,40,1,Yes,Semiurban,Not Approved
2188,Male,No,0,Graduate,Unemployed,5124,0,124,0,0,Yes,Rural,Not Approved
2190,Male,Yes,1,Graduate,Unemployed,6325,0,175,30,1,No,Semiurban,Approved
2191,Male,Yes,0,Graduate,Unemployed,19730,5266,570,30,1,Yes,Rural,Not Approved
2192,Male,Yes,0,Graduate,Unemployed,7830,2183,212,30,1,No,Rural,Approved
2194,Female,No,0,Graduate,Employed,15759,0,55,30,1,No,Semiurban,Approved
2195,Male,Yes,1,Graduate,Employed,3507,3148,212,30,1,Yes,Rural,Not Approved
2197,Male,Yes,2,Graduate,Unemployed,5185,0,155,30,1,No,Semiurban,Approved
2201,Male,Yes,2,Graduate,Employed,9323,7873,380,25,1,No,Rural,Approved
2205,Male,No,1,Graduate,Unemployed,3062,1987,111,15,0,Yes,Urban,Not Approved
2208,Male,Yes,1,Graduate,Unemployed,3747,2139,125,30,1,Yes,Urban,Not Approved
2209,Female,No,0,Graduate,,2764,1459,110,30,1,No,Urban,Approved
2211,Male,Yes,0,Graduate,Unemployed,4817,923,120,15,1,No,Urban,Approved
2212,Male,Yes,0,Graduate,Unemployed,2166,2166,108,30,,No,Urban,Approved
2219,Male,Yes,3+,Graduate,Unemployed,8750,4996,130,30,1,No,Rural,Approved
2223,Male,Yes,0,Graduate,Unemployed,4310,0,130,30,,No,Semiurban,Approved
2224,Male,No,0,Graduate,Unemployed,3069,0,71,40,1,Yes,Urban,Not Approved
2225,Male,Yes,2,Graduate,Unemployed,5391,0,130,30,1,No,Urban,Approved
2226,Male,Yes,0,Graduate,,3333,2500,128,30,1,No,Semiurban,Approved
2229,Male,No,0,Graduate,Unemployed,5941,4232,296,30,1,No,Semiurban,Approved
2231,Female,No,0,Graduate,Unemployed,6000,0,156,30,1,No,Urban,Approved
2234,Male,No,0,Graduate,Employed,7167,0,128,30,1,No,Urban,Approved
2236,Male,Yes,2,Graduate,Unemployed,4566,0,100,30,1,Yes,Urban,Not Approved
2237,Male,No,1,Graduate,,3667,0,113,15,1,No,Urban,Approved
2239,Male,No,0,Not Graduate,Unemployed,2346,1600,132,30,1,No,Semiurban,Approved
2240,Male,Yes,0,Not Graduate,Unemployed,3500,2168,149,30,1,No,Rural,Approved
2243,Male,Yes,0,Not Graduate,Unemployed,3010,3136,,30,0,Yes,Urban,Not Approved
2244,Male,Yes,0,Graduate,Unemployed,2333,2417,136,30,1,No,Urban,Approved
2245,Male,Yes,2,Not Graduate,Unemployed,2896,0,80,40,1,Yes,Urban,Not Approved
2250,Male,Yes,0,Graduate,Unemployed,5488,0,125,30,1,No,Rural,Approved
2253,Female,No,1,Graduate,Unemployed,5062,0,152,25,1,Yes,Rural,Not Approved
2255,Male,No,3+,Graduate,Unemployed,9167,0,185,30,1,No,Rural,Approved
2256,Female,No,2,Graduate,Employed,5184,0,187,30,0,Yes,Semiurban,Not Approved
2257,Female,No,0,Graduate,Unemployed,2545,0,74,30,1,No,Urban,Approved
2262,Male,Yes,3+,Graduate,Unemployed,9504,0,275,30,1,No,Rural,Approved
2263,Male,Yes,0,Graduate,Unemployed,2583,2115,120,30,,No,Urban,Approved
2264,Male,Yes,0,Graduate,Unemployed,2553,1768,102,30,1,Yes,Urban,Not Approved
2265,Male,Yes,2,Not Graduate,Unemployed,1993,1625,113,15,1,No,Semiurban,Approved
2266,Male,Yes,2,Graduate,Unemployed,3100,1400,113,30,1,No,Urban,Approved
2270,Male,Yes,1,Graduate,Unemployed,3436,3809,100,30,1,No,Rural,Approved
2272,Male,Yes,2,Graduate,Unemployed,3276,484,135,30,,No,Semiurban,Approved
2277,Female,No,0,Graduate,Unemployed,3180,0,71,30,0,Yes,Urban,Not Approved
2279,Male,No,0,Graduate,Unemployed,2412,2755,130,30,1,Yes,Rural,Not Approved
2281,Male,Yes,0,Graduate,Unemployed,3033,1459,95,30,1,No,Urban,Approved
2284,Male,No,0,Not Graduate,Unemployed,3902,1666,109,30,1,No,Rural,Approved
2286,Male,Yes,3+,Not Graduate,Unemployed,5180,0,125,30,0,No,Urban,Approved
2287,Female,No,0,Graduate,Unemployed,1500,1800,103,30,0,Yes,Semiurban,Not Approved
2288,Male,Yes,2,Not Graduate,Unemployed,2889,0,45,15,0,Yes,Urban,Not Approved
2294,Male,No,0,Graduate,Unemployed,14911,14507,130,30,1,No,Semiurban,Approved
2296,Male,No,0,Not Graduate,Unemployed,2755,0,65,25,1,Yes,Rural,Not Approved
2297,Male,No,0,Graduate,Unemployed,2500,20000,103,30,1,No,Semiurban,Approved
2298,,No,0,Graduate,Employed,2860,2988,138,30,1,Yes,Urban,Not Approved
2300,Female,No,0,Not Graduate,Unemployed,1963,0,53,30,1,No,Semiurban,Approved
2301,Female,No,0,Graduate,Employed,7441,0,194,30,1,Yes,Rural,Not Approved
2305,Female,No,0,Graduate,Unemployed,4547,0,115,30,1,No,Semiurban,Approved
2306,Male,Yes,0,Graduate,Unemployed,1173,1594,28,15,1,No,Rural,Approved
2308,Male,Yes,0,Not Graduate,Unemployed,2167,2400,115,30,1,No,Urban,Approved
2310,Female,No,1,Graduate,Unemployed,7600,0,92,30,1,No,Semiurban,Approved
2311,Female,Yes,0,Graduate,Unemployed,2157,1788,104,30,1,No,Urban,Approved
2314,Female,No,0,Not Graduate,Unemployed,2213,0,66,30,1,No,Rural,Approved
2315,Male,Yes,1,Graduate,Unemployed,8300,0,152,25,0,Yes,Semiurban,Not Approved
2316,Male,No,0,Graduate,Unemployed,2231,2774,176,30,0,Yes,Urban,Not Approved
2317,Male,Yes,3+,Graduate,Unemployed,81000,0,360,30,0,Yes,Rural,Not Approved
2318,Female,No,1,Not Graduate,Employed,3867,0,62,30,1,Yes,Semiurban,Not Approved
2319,Male,Yes,0,Graduate,,6256,0,160,30,,No,Urban,Approved
2321,Female,No,0,Graduate,Unemployed,2274,5211,117,30,0,No,Semiurban,Approved
2325,Male,Yes,2,Not Graduate,Unemployed,6166,13983,102,30,1,No,Rural,Approved
2326,Male,Yes,2,Not Graduate,Unemployed,2513,1110,107,30,1,Yes,Semiurban,Not Approved
2328,Male,Yes,0,Not Graduate,Unemployed,6096,0,218,30,0,Yes,Rural,Not Approved
2329,Male,No,0,Graduate,Unemployed,4333,0,66,40,1,No,Urban,Approved
2332,Male,Yes,0,Not Graduate,Unemployed,2253,2033,110,30,1,No,Rural,Approved
2333,Male,No,0,Not Graduate,Unemployed,3844,0,105,30,1,No,Urban,Approved
2335,Female,Yes,0,Not Graduate,Unemployed,2149,3237,178,30,0,Yes,Semiurban,Not Approved
2337,Female,No,0,Graduate,Unemployed,2995,0,60,30,1,No,Urban,Approved
2339,Male,Yes,0,Graduate,Unemployed,3887,1517,105,30,0,Yes,Semiurban,Not Approved
2341,Female,No,1,Graduate,Unemployed,2600,0,160,30,1,Yes,Urban,Not Approved
2342,Male,Yes,2,Graduate,Employed,1600,20000,239,30,1,Yes,Urban,Not Approved
2344,Male,Yes,0,Graduate,Unemployed,3510,828,105,30,1,Yes,Semiurban,Not Approved
2345,Male,Yes,0,Graduate,Unemployed,1025,2773,112,30,1,No,Rural,Approved
2346,Male,Yes,0,Graduate,,2539,1704,125,30,0,No,Rural,Approved
2347,Male,Yes,0,Graduate,Unemployed,3246,1417,138,30,1,No,Semiurban,Approved
2348,Male,Yes,0,Graduate,Unemployed,5829,0,138,30,1,No,Rural,Approved
2354,Female,No,0,Not Graduate,Unemployed,2107,0,64,30,1,No,Semiurban,Approved
2355,,Yes,0,Graduate,Unemployed,3186,3145,150,15,0,Yes,Semiurban,Not Approved
2357,Female,No,0,Not Graduate,Unemployed,2720,0,80,0,0,Yes,Urban,Not Approved
2358,Male,Yes,2,Graduate,Employed,5000,2166,150,30,1,Yes,Urban,Not Approved
2360,Male,Yes,,Graduate,Unemployed,10000,0,,30,1,No,Urban,Approved
2361,Male,Yes,0,Graduate,Unemployed,1820,1719,100,30,1,No,Urban,Approved
2362,Male,Yes,1,Graduate,Unemployed,7250,1667,110,0,0,Yes,Urban,Not Approved
2364,Male,Yes,0,Graduate,Unemployed,14880,0,96,30,1,No,Semiurban,Approved
2366,Male,Yes,0,Graduate,Unemployed,2666,4300,121,30,1,No,Rural,Approved
2367,Female,No,1,Not Graduate,Unemployed,4606,0,81,30,1,Yes,Rural,Not Approved
2368,Male,Yes,2,Graduate,Unemployed,5935,0,133,30,1,No,Semiurban,Approved
2369,Male,Yes,0,Graduate,Unemployed,2920,16.12000084,87,30,1,No,Rural,Approved
2370,Male,No,0,Not Graduate,Unemployed,2717,0,60,15,1,No,Urban,Approved
2375,Male,Yes,0,Not Graduate,Employed,3943,0,64,30,1,No,Semiurban,Approved
2376,Male,No,0,Graduate,Unemployed,2925,0,40,15,1,No,Rural,Approved
2377,Female,No,1,Graduate,Employed,8624,0,150,30,1,No,Semiurban,Approved
2379,Male,No,0,Graduate,Unemployed,6500,0,105,30,0,Yes,Rural,Not Approved
2383,Male,Yes,3+,Graduate,Unemployed,3242,437,142,40,0,Yes,Urban,Not Approved
2385,Male,Yes,,Graduate,Unemployed,3863,0,70,25,1,Yes,Semiurban,Not Approved
2386,Male,No,0,Graduate,,12876,0,405,30,1,No,Semiurban,Approved
2387,Male,Yes,0,Graduate,Unemployed,2425,2340,143,30,1,No,Semiurban,Approved
2389,Female,No,1,Graduate,Unemployed,4028,0,131,30,1,No,Semiurban,Approved
2390,Male,No,0,Graduate,Unemployed,3750,0,100,30,1,No,Urban,Approved
2393,Female,,,Graduate,Unemployed,10047,0,,20,1,No,Semiurban,Approved
2394,Male,Yes,2,Graduate,Unemployed,4010,1025,120,30,1,Yes,Urban,Not Approved
2397,Female,Yes,1,Graduate,Unemployed,3719,1585,114,30,1,No,Urban,Approved
2398,Male,No,0,Graduate,Unemployed,1926,1851,50,30,1,No,Semiurban,Approved
2399,Male,No,0,Graduate,,2858,0,123,30,0,Yes,Rural,Not Approved
2400,Female,Yes,0,Graduate,Unemployed,3833,0,92,30,1,Yes,Rural,Not Approved
2401,Male,Yes,0,Graduate,Unemployed,2213,1125,,30,1,No,Urban,Approved
2402,Male,Yes,0,Graduate,Unemployed,3333,4288,160,30,1,Yes,Urban,Not Approved
2403,Male,No,0,Graduate,Employed,10416,0,187,30,0,Yes,Urban,Not Approved
2407,Female,Yes,0,Not Graduate,Employed,7142,0,138,30,1,No,Rural,Approved
2408,Male,No,0,Graduate,Unemployed,3660,5064,187,30,1,No,Semiurban,Approved
2409,Male,Yes,0,Graduate,Unemployed,7901,1833,180,30,1,No,Rural,Approved
2412,Male,Yes,0,Graduate,Unemployed,3007,3725,151,30,1,No,Rural,Approved
2415,Female,No,1,Graduate,,1850,4583,81,30,,No,Rural,Approved
2417,Male,Yes,3+,Not Graduate,Unemployed,2792,2619,171,30,1,Yes,Semiurban,Not Approved
2418,Male,No,3+,Not Graduate,Unemployed,4707,1993,148,30,1,No,Semiurban,Approved
2420,Male,Yes,0,Graduate,Unemployed,2982,1550,110,30,1,Yes,Semiurban,Not Approved
2422,Male,No,1,Graduate,Unemployed,37719,0,152,30,1,No,Semiurban,Approved
2424,Male,Yes,0,Graduate,Unemployed,7333,8333,175,25,,No,Rural,Approved
2425,Male,No,0,Graduate,Unemployed,3417,738,100,30,,Yes,Rural,Not Approved
2429,Male,Yes,1,Graduate,Employed,3466,1210,130,30,1,No,Rural,Approved
2433,Male,Yes,1,Graduate,Unemployed,18840,0,234,30,1,No,Rural,Approved
2434,Male,Yes,2,Not Graduate,Unemployed,4652,0,110,30,1,No,Rural,Approved
2435,Male,Yes,0,Graduate,,3539,1376,55,30,1,Yes,Rural,Not Approved
2440,Male,Yes,2,Graduate,Unemployed,2995,1120,184,30,1,No,Rural,Approved
2441,Male,No,,Graduate,Unemployed,3579,3308,138,30,,Yes,Semiurban,Not Approved
2442,Female,Yes,1,Not Graduate,Unemployed,3835,1400,112,40,0,No,Urban,Approved
2443,Male,Yes,2,Graduate,Unemployed,3340,1710,150,30,0,Yes,Rural,Not Approved
2444,Male,No,1,Not Graduate,Employed,2769,1542,190,30,,Yes,Semiurban,Not Approved
2445,Female,No,1,Not Graduate,Unemployed,3854,3575,117,30,1,No,Rural,Approved
2446,Male,Yes,2,Not Graduate,Unemployed,2309,1255,125,30,0,Yes,Rural,Not Approved
2447,Male,Yes,2,Not Graduate,Unemployed,1958,1456,60,25,,No,Urban,Approved
2448,Male,Yes,0,Graduate,Unemployed,3948,1733,149,30,0,Yes,Rural,Not Approved
2449,Male,Yes,0,Graduate,Unemployed,2483,2466,90,15,0,No,Rural,Approved
2450,Male,Yes,2,Graduate,Unemployed,5833,750,49,30,0,Yes,Rural,Not Approved
2453,Male,No,0,Graduate,Employed,7085,0,84,30,1,No,Semiurban,Approved
2455,Male,Yes,2,Graduate,Unemployed,3859,0,96,30,1,No,Semiurban,Approved
2459,Male,Yes,0,Graduate,Unemployed,4301,0,118,30,1,No,Urban,Approved
2467,Male,Yes,0,Graduate,Unemployed,3708,2569,173,30,1,Yes,Urban,Not Approved
2471,Male,No,0,Graduate,Unemployed,3508,0,99,30,1,No,Rural,Approved
2472,Male,No,2,Graduate,Unemployed,4354,0,136,30,1,No,Rural,Approved
2473,Male,Yes,0,Graduate,Unemployed,8334,0,160,30,1,Yes,Semiurban,Not Approved
2476,Female,Yes,3+,Not Graduate,Unemployed,1635,2444,99,30,1,No,Urban,Approved
2478,,Yes,0,Graduate,Employed,2083,4083,160,30,,No,Semiurban,Approved
2482,Female,No,0,Graduate,Employed,3333,3916,212,30,1,No,Rural,Approved
2484,Male,Yes,3+,Graduate,Unemployed,7740,0,128,15,1,No,Urban,Approved
2485,Male,No,1,Graduate,Unemployed,24797,0,240,30,1,No,Semiurban,Approved
2487,Male,Yes,0,Graduate,Unemployed,3015,2188,153,30,1,No,Rural,Approved
2489,Female,No,1,Not Graduate,,5191,0,132,30,1,No,Semiurban,Approved
2493,Male,No,0,Graduate,Unemployed,4166,0,98,30,0,Yes,Semiurban,Not Approved
2494,Male,No,0,Graduate,Unemployed,6000,0,140,30,1,No,Rural,Approved
2495,Male,Yes,2,Graduate,Unemployed,5667,440,130,30,0,No,Semiurban,Approved
2496,Female,No,0,Graduate,Unemployed,3500,0,94,30,0,No,Semiurban,Approved
2500,Male,Yes,3+,Not Graduate,Unemployed,2947,1664,70,15,0,Yes,Urban,Not Approved
2501,,Yes,0,Graduate,Unemployed,16692,0,110,30,1,No,Semiurban,Approved
2502,Female,Yes,2,Not Graduate,,210,2917,98,30,1,No,Semiurban,Approved
2505,Male,Yes,0,Graduate,Unemployed,4333,2451,110,30,1,Yes,Urban,Not Approved
2515,Male,Yes,1,Graduate,Employed,3450,2079,162,30,1,No,Semiurban,Approved
2517,Male,Yes,1,Not Graduate,Unemployed,2653,1500,113,15,0,Yes,Rural,Not Approved
2519,Male,Yes,3+,Graduate,Unemployed,4691,0,100,30,1,No,Semiurban,Approved
2522,Female,No,0,Graduate,Employed,2500,0,93,30,,No,Urban,Approved
2523,Male,Yes,3+,Graduate,Unemployed,2773,1497,108,30,1,Yes,Semiurban,Not Approved
2524,Male,No,2,Graduate,Unemployed,5532,4648,162,30,1,No,Rural,Approved
2527,Male,Yes,2,Graduate,Employed,16525,1014,150,30,1,No,Rural,Approved
2529,Male,Yes,2,Graduate,Unemployed,6700,1750,230,25,1,No,Semiurban,Approved
2530,,Yes,2,Graduate,Unemployed,2873,1872,132,30,0,Yes,Semiurban,Not Approved
2531,Male,Yes,1,Graduate,Employed,16667,2250,86,30,1,No,Semiurban,Approved
2533,Male,Yes,2,Graduate,Unemployed,2947,1603,,30,1,Yes,Urban,Not Approved
2534,Female,No,0,Not Graduate,Unemployed,4350,0,154,30,1,No,Rural,Approved
2536,Male,Yes,3+,Not Graduate,Unemployed,3095,0,113,30,1,No,Rural,Approved
2537,Male,Yes,0,Graduate,Unemployed,2083,3150,128,30,1,No,Semiurban,Approved
2541,Male,Yes,0,Graduate,Unemployed,10833,0,234,30,1,No,Semiurban,Approved
2542,Male,Yes,0,Graduate,,6500,0,144,30,1,Yes,Urban,Not Approved
2543,Male,Yes,2,Graduate,Unemployed,8333,0,246,30,1,No,Semiurban,Approved
2544,Male,Yes,1,Not Graduate,Unemployed,1958,2436,131,30,1,No,Rural,Approved
2545,Male,No,2,Graduate,Unemployed,3547,0,80,30,0,Yes,Rural,Not Approved
2547,Male,Yes,1,Graduate,Unemployed,18333,0,500,30,1,Yes,Urban,Not Approved
2550,Female,No,0,Graduate,Unemployed,5769,0,110,15,1,No,Semiurban,Approved
2551,Male,Yes,3+,Not Graduate,,3634,910,176,30,0,Yes,Semiurban,Not Approved
2553,,No,0,Graduate,Unemployed,29167,0,185,30,1,No,Semiurban,Approved
2554,Male,No,0,Graduate,Unemployed,2166,2057,122,30,1,Yes,Semiurban,Not Approved
2555,Male,Yes,2,Graduate,Employed,4583,2083,160,30,1,No,Semiurban,Approved
2556,Male,No,0,Graduate,Unemployed,2435,0,75,30,1,Yes,Urban,Not Approved
2560,Male,No,0,Not Graduate,Unemployed,2699,2785,96,30,,No,Semiurban,Approved
2561,Male,Yes,0,Graduate,Unemployed,5000,0,126,30,1,No,Rural,Approved
2562,Male,Yes,1,Not Graduate,Unemployed,5333,1131,186,30,,No,Urban,Approved
2566,Female,No,0,Graduate,Unemployed,5530,0,135,30,,No,Urban,Approved
2568,Male,No,0,Not Graduate,Unemployed,9000,0,122,30,1,No,Rural,Approved
2570,Female,Yes,2,Graduate,Unemployed,10000,11666,460,30,1,No,Urban,Approved
2571,Male,No,0,Not Graduate,Unemployed,3691,0,110,30,1,No,Rural,Approved
2572,Male,Yes,1,Graduate,,8750,0,297,30,1,Yes,Urban,Not Approved
2581,Male,Yes,0,Not Graduate,Unemployed,2157,2730,140,30,,Yes,Rural,Not Approved
2582,Female,No,0,Not Graduate,Employed,17263,0,225,30,1,No,Semiurban,Approved
2584,Male,No,0,Graduate,,1972,4347,106,30,1,Yes,Rural,Not Approved
2585,Male,Yes,0,Graduate,Unemployed,3597,2157,119,30,0,Yes,Rural,Not Approved
2586,Female,Yes,1,Graduate,Unemployed,3326,913,105,7,1,No,Semiurban,Approved
2587,Male,Yes,0,Not Graduate,Unemployed,2600,1700,107,30,1,No,Rural,Approved
2588,Male,Yes,0,Graduate,Unemployed,4625,2857,111,1,,No,Urban,Approved
2592,Male,No,0,Graduate,Unemployed,4983,0,141,30,1,No,Urban,Approved
2593,Male,Yes,1,Graduate,Unemployed,8333,4000,,30,1,No,Urban,Approved
2599,Male,Yes,0,Graduate,Unemployed,3667,2000,170,30,1,Yes,Semiurban,Not Approved
2600,Male,Yes,1,Graduate,Employed,2895,0,95,30,1,No,Semiurban,Approved
2602,Male,No,0,Graduate,Unemployed,6283,4416,209,30,0,Yes,Rural,Not Approved
2603,Female,No,0,Graduate,Unemployed,645,3683,113,40,1,No,Rural,Approved
2604,Male,Yes,2,Graduate,Unemployed,3166,2833,145,30,1,Yes,Urban,Not Approved
2605,Male,No,0,Not Graduate,Unemployed,3271,0,90,30,1,Yes,Rural,Not Approved
2606,Female,No,0,Graduate,Unemployed,3159,0,100,30,1,No,Semiurban,Approved
2609,Female,Yes,0,Graduate,Unemployed,2241,2000,88,30,0,No,Urban,Approved
2610,Male,Yes,1,Not Graduate,,1792,2565,128,30,1,Yes,Urban,Not Approved
2612,Female,Yes,0,Graduate,Unemployed,2666,0,84,40,1,No,Semiurban,Approved
2614,,No,0,Graduate,Unemployed,6478,0,108,30,1,Yes,Semiurban,Not Approved
2615,Male,Yes,2,Graduate,Unemployed,4865,5624,208,30,1,No,Semiurban,Approved
2618,Male,Yes,1,Not Graduate,Unemployed,4050,5302,138,30,,Yes,Rural,Not Approved
2619,Male,Yes,0,Not Graduate,Unemployed,3814,1483,124,25,1,No,Semiurban,Approved
2622,Male,Yes,2,Graduate,Unemployed,3510,4416,243,30,1,No,Rural,Approved
2624,Male,Yes,0,Graduate,Unemployed,20833,6667,480,30,,No,Urban,Approved
2625,,No,0,Graduate,Unemployed,3583,0,96,30,1,Yes,Urban,Not Approved
2626,Male,Yes,0,Graduate,Employed,2479,3013,188,30,1,No,Urban,Approved
2630,Male,No,0,Not Graduate,,3808,0,83,30,1,Yes,Rural,Not Approved
2634,Female,No,1,Graduate,Unemployed,13262,0,40,30,1,No,Urban,Approved
2635,Female,Yes,2,Not Graduate,Unemployed,3729,0,117,30,1,No,Semiurban,Approved
2637,Male,No,0,Not Graduate,Unemployed,3598,1287,100,30,1,Yes,Rural,Not Approved
2639,Male,Yes,2,Graduate,Unemployed,4120,0,128,30,1,No,Rural,Approved
2640,Male,Yes,1,Graduate,Unemployed,6065,2004,250,30,1,No,Semiurban,Approved
2643,Male,Yes,2,Graduate,Unemployed,3283,2035,148,30,1,No,Urban,Approved
2644,Male,Yes,1,Graduate,Employed,7500,0,75,30,1,No,Urban,Approved
2648,Male,Yes,0,Graduate,Unemployed,2130,6666,70,15,1,Yes,Semiurban,Not Approved
2651,Male,Yes,1,Graduate,,6300,0,125,30,0,No,Urban,Approved
2652,Male,No,0,Graduate,Unemployed,5815,3666,311,30,1,Yes,Rural,Not Approved
2654,Female,No,,Graduate,Employed,14987,0,177,30,1,Yes,Rural,Not Approved
2657,,Yes,1,Not Graduate,Employed,570,2125,68,30,1,No,Rural,Approved
2659,Male,Yes,3+,Graduate,Unemployed,3466,3428,150,30,1,No,Rural,Approved
2670,Female,Yes,2,Graduate,Unemployed,2031,1632,113,40,1,No,Semiurban,Approved
2682,Male,Yes,,Not Graduate,Unemployed,3074,1800,123,30,0,Yes,Semiurban,Not Approved
2683,Male,No,0,Graduate,Unemployed,4683,1915,185,30,1,Yes,Semiurban,Not Approved
2684,Female,No,0,Not Graduate,Unemployed,3400,0,95,30,1,Yes,Rural,Not Approved
2689,Male,Yes,2,Not Graduate,Unemployed,2192,1742,45,30,1,No,Semiurban,Approved
2690,Male,No,0,Graduate,Unemployed,2500,0,55,30,1,No,Semiurban,Approved
2692,Male,Yes,3+,Graduate,Employed,5677,1424,100,30,1,No,Rural,Approved
2693,Male,Yes,2,Graduate,Employed,7948,7166,480,30,1,No,Rural,Approved
2697,Male,No,0,Graduate,Unemployed,4680,2087,,30,1,Yes,Semiurban,Not Approved
2699,Male,Yes,2,Graduate,Employed,17500,0,400,30,1,No,Rural,Approved
2705,Male,Yes,0,Graduate,Unemployed,3775,0,110,30,1,No,Semiurban,Approved
2706,Male,Yes,1,Not Graduate,Unemployed,5285,1430,161,30,0,No,Semiurban,Approved
2711,Male,Yes,0,Graduate,Unemployed,2600,700,96,30,1,Yes,Semiurban,Not Approved
2712,Male,No,2,Not Graduate,Unemployed,2733,1083,180,30,,Yes,Semiurban,Not Approved
2714,Male,No,1,Not Graduate,Unemployed,2679,1302,94,30,1,No,Semiurban,Approved
2716,Male,No,0,Not Graduate,Unemployed,6783,0,130,30,1,No,Semiurban,Approved
2717,Male,Yes,0,Graduate,Unemployed,1025,5500,216,30,,No,Rural,Approved
2720,Male,Yes,3+,Graduate,Unemployed,4281,0,100,30,1,No,Urban,Approved
2721,Male,Yes,2,Graduate,Employed,7500,0,183,30,1,Yes,Rural,Not Approved
2723,Male,No,2,Graduate,Unemployed,3588,0,110,30,0,Yes,Rural,Not Approved
2729,Male,No,1,Graduate,Unemployed,11250,0,196,30,,Yes,Semiurban,Not Approved
2731,Female,No,0,Not Graduate,Employed,18165,0,125,30,1,No,Urban,Approved
2732,Male,No,0,Not Graduate,,2550,2042,126,30,1,No,Rural,Approved
2734,Male,Yes,0,Graduate,Unemployed,6133,3906,324,30,1,No,Urban,Approved
2735,Male,Yes,2,Not Graduate,Unemployed,3859,0,121,30,1,No,Rural,Approved
2738,Male,No,2,Graduate,Unemployed,3617,0,107,30,1,No,Semiurban,Approved
2739,Male,Yes,0,Not Graduate,Unemployed,2917,536,66,30,1,Yes,Rural,Not Approved
2740,Male,Yes,3+,Graduate,Unemployed,6417,0,157,15,1,No,Rural,Approved
2741,Female,Yes,1,Graduate,Unemployed,4608,2845,140,15,1,No,Semiurban,Approved
2743,Female,No,0,Graduate,Unemployed,2138,0,99,30,0,Yes,Semiurban,Not Approved
2744,Male,Yes,1,Graduate,Unemployed,6825,0,162,30,1,No,Rural,Approved
2745,Male,Yes,0,Graduate,Unemployed,3708,4700,132,30,1,Yes,Semiurban,Not Approved
2746,Male,No,0,Graduate,Unemployed,5314,0,147,30,1,Yes,Urban,Not Approved
2747,Female,No,3+,Graduate,Unemployed,2366,5272,153,30,0,Yes,Rural,Not Approved
2753,Female,No,1,Graduate,,3652,0,95,30,1,No,Semiurban,Approved
2754,Male,No,,Graduate,Unemployed,2066,2108,104,7,1,Yes,Urban,Not Approved
2755,Male,Yes,1,Not Graduate,Unemployed,2239,2524,128,30,1,No,Urban,Approved
2757,Female,Yes,0,Not Graduate,Unemployed,3017,663,102,30,,No,Semiurban,Approved
2759,Male,Yes,2,Graduate,Unemployed,5000,0,149,30,1,No,Rural,Approved
2760,Female,No,0,Graduate,Unemployed,3767,0,134,25,1,No,Urban,Approved
2766,Female,Yes,0,Graduate,Unemployed,7859,879,165,15,1,No,Semiurban,Approved
2767,Male,Yes,0,Graduate,Unemployed,2768,1950,155,30,1,No,Rural,Approved
2768,Male,No,0,Not Graduate,Unemployed,3358,0,80,3,1,Yes,Semiurban,Not Approved
2769,Female,Yes,0,Graduate,Unemployed,4283,0,120,30,1,Yes,Rural,Not Approved
2772,Male,No,0,Graduate,Unemployed,2526,1783,145,30,1,No,Rural,Approved
2774,Male,Yes,0,Not Graduate,Unemployed,1700,2900,67,30,0,No,Urban,Approved
2775,,No,0,Not Graduate,Unemployed,4768,0,125,30,1,Yes,Rural,Not Approved
2776,Female,No,0,Graduate,Unemployed,5000,0,103,30,0,Yes,Semiurban,Not Approved
2777,Male,Yes,0,Graduate,Unemployed,2785,2016,110,30,1,No,Rural,Approved
2778,Male,Yes,2,Graduate,Employed,6633,0,,30,0,Yes,Rural,Not Approved
2781,Male,No,0,Graduate,Unemployed,3083,2738,120,30,1,Yes,Urban,Not Approved
2782,Male,Yes,1,Graduate,Unemployed,2667,1542,148,30,1,No,Rural,Approved
2784,Male,Yes,1,Not Graduate,Unemployed,2492,2375,,30,1,No,Rural,Approved
2785,Male,Yes,1,Graduate,Unemployed,3333,3250,158,30,1,No,Urban,Approved
2786,Female,Yes,0,Not Graduate,Unemployed,1647,1762,181,30,1,No,Urban,Approved
2788,Male,Yes,0,Not Graduate,Unemployed,2454,2333,181,30,0,Yes,Urban,Not Approved
2789,Male,Yes,0,Graduate,Unemployed,3593,4266,132,15,0,Yes,Rural,Not Approved
2790,Male,Yes,3+,Graduate,Unemployed,3400,0,80,10,1,No,Urban,Approved
2791,Male,No,1,Graduate,,16000,5000,40,30,1,No,Semiurban,Approved
2792,Male,Yes,1,Graduate,Unemployed,5468,1032,26,30,1,No,Semiurban,Approved
2793,Male,Yes,0,Graduate,Unemployed,5333,0,90,30,1,No,Rural,Approved
2794,Female,No,0,Graduate,Unemployed,2667,1625,84,30,,No,Urban,Approved
2795,Male,Yes,3+,Graduate,Employed,10139,0,260,30,1,No,Semiurban,Approved
2798,Male,Yes,0,Graduate,Unemployed,3887,2669,162,30,1,No,Semiurban,Approved
2802,Male,No,0,Graduate,Unemployed,2875,2416,95,6,0,Yes,Semiurban,Not Approved
2803,Male,Yes,1,Not Graduate,,2600,618,122,30,1,Yes,Semiurban,Not Approved
2804,Female,Yes,0,Graduate,Unemployed,4180,2306,182,30,1,No,Semiurban,Approved
2805,Male,Yes,2,Graduate,Unemployed,5041,700,150,30,1,Yes,Urban,Not Approved
2806,Male,Yes,3+,Graduate,Employed,6958,1411,150,30,1,Yes,Rural,Not Approved
2807,Male,Yes,2,Not Graduate,Unemployed,3675,242,108,30,1,No,Semiurban,Approved
2813,Female,Yes,1,Graduate,Employed,19484,0,600,30,1,No,Semiurban,Approved
2816,Male,Yes,1,Graduate,Unemployed,3500,1658,104,30,,Yes,Semiurban,Not Approved
2820,Male,Yes,0,Graduate,Unemployed,5923,2054,211,30,1,No,Rural,Approved
2821,Male,No,0,Not Graduate,Employed,5800,0,132,30,1,No,Semiurban,Approved
2823,Male,Yes,0,Graduate,Unemployed,5509,0,143,30,1,No,Rural,Approved
2825,Male,Yes,3+,Graduate,Unemployed,9699,0,300,30,1,Yes,Urban,Not Approved
2826,Female,Yes,1,Not Graduate,Unemployed,3621,2717,171,30,1,No,Urban,Approved
2832,Male,Yes,2,Graduate,Unemployed,8799,0,258,30,0,Yes,Urban,Not Approved
2833,Male,Yes,0,Not Graduate,Unemployed,4467,0,120,30,,No,Rural,Approved
2836,Male,No,0,Graduate,Unemployed,3333,0,70,30,1,No,Urban,Approved
2837,Male,Yes,3+,Graduate,Unemployed,3400,2500,123,30,0,Yes,Rural,Not Approved
2840,Female,No,0,Graduate,Unemployed,2378,0,9,30,1,Yes,Urban,Not Approved
2841,Male,Yes,0,Graduate,Unemployed,3166,2064,104,30,0,Yes,Urban,Not Approved
2842,Male,Yes,1,Graduate,Unemployed,3417,1750,186,30,1,No,Urban,Approved
2843,Female,Yes,0,Graduate,Unemployed,4709,0,113,30,1,No,Semiurban,Approved
2847,Male,Yes,,Graduate,Unemployed,5116,1451,165,30,0,Yes,Urban,Not Approved
2849,Male,Yes,0,Graduate,Unemployed,1516,1951,35,30,1,No,Semiurban,Approved
2850,Male,No,2,Graduate,Unemployed,2400,0,46,30,1,No,Urban,Approved
2853,Female,No,0,Not Graduate,Unemployed,3015,2000,145,30,,No,Urban,Approved
2855,Male,Yes,2,Graduate,Unemployed,16666,0,275,30,1,No,Urban,Approved
2856,Male,Yes,0,Graduate,Unemployed,2292,1558,119,30,1,Yes,Urban,Not Approved
2857,Male,Yes,1,Graduate,Employed,2360,3355,87,20,1,No,Rural,Approved
2858,Female,No,0,Graduate,Unemployed,4333,2333,162,30,0,No,Rural,Approved
2860,Male,Yes,0,Graduate,Employed,2623,4831,122,15,1,Yes,Semiurban,Not Approved
2862,Male,Yes,2,Not Graduate,Unemployed,6125,1625,187,40,1,Yes,Semiurban,Not Approved
2863,Male,Yes,3+,Graduate,Unemployed,6406,0,150,30,1,Yes,Semiurban,Not Approved
2867,Male,No,0,Graduate,Employed,3972,4275,187,30,1,No,Rural,Approved
2868,Male,Yes,2,Graduate,Unemployed,3159,461,108,7,1,No,Urban,Approved
2869,Male,Yes,3+,Not Graduate,Unemployed,3522,0,81,15,1,No,Rural,Approved
2870,Male,Yes,1,Graduate,Unemployed,4700,0,80,30,1,No,Urban,Approved
2872,,Yes,0,Graduate,Unemployed,3087,2210,136,30,0,Yes,Semiurban,Not Approved
2874,Male,No,0,Graduate,Unemployed,3229,2739,110,30,1,No,Urban,Approved
2876,Male,No,0,Graduate,Unemployed,6858,0,176,30,1,Yes,Rural,Not Approved
2877,Male,Yes,1,Graduate,Unemployed,1782,2232,107,30,1,No,Rural,Approved
2878,Male,Yes,3+,Graduate,Unemployed,8334,0,260,30,1,Yes,Urban,Not Approved
2879,Male,Yes,0,Graduate,Unemployed,3391,1966,133,30,0,Yes,Rural,Not Approved
2885,Male,No,0,Not Graduate,Unemployed,2868,0,70,30,1,No,Urban,Approved
2888,Male,No,0,Graduate,,3182,2917,161,30,1,No,Urban,Approved
2890,Male,Yes,2,Not Graduate,Unemployed,3418,1380,135,30,1,Yes,Urban,Not Approved
2891,Male,Yes,0,Graduate,Employed,2500,296,137,25,1,Yes,Rural,Not Approved
2892,Male,Yes,2,Graduate,Unemployed,6540,0,205,30,1,No,Semiurban,Approved
2893,Male,No,0,Graduate,Unemployed,1836,33837,90,30,1,Yes,Urban,Not Approved
2894,Female,Yes,0,Graduate,Unemployed,3166,0,36,30,1,No,Semiurban,Approved
2898,Male,Yes,1,Graduate,Unemployed,1880,0,61,30,,Yes,Rural,Not Approved
2899,Male,Yes,2,Graduate,Unemployed,8667,0,254,30,1,No,Rural,Approved
2901,Male,No,0,Graduate,Unemployed,2283,15000,106,30,,No,Rural,Approved
2907,Male,Yes,0,Graduate,Unemployed,5817,910,109,30,1,Yes,Urban,Not Approved
2911,Male,Yes,1,Graduate,Unemployed,2787,1917,146,30,0,Yes,Rural,Not Approved
2912,Male,Yes,1,Graduate,Unemployed,4283,3000,172,7,1,Yes,Rural,Not Approved
2916,Male,Yes,0,Graduate,Unemployed,2297,1522,104,30,1,No,Urban,Approved
2917,Female,No,0,Not Graduate,Unemployed,2165,0,70,30,1,No,Semiurban,Approved
2920,Male,Yes,0,Graduate,Unemployed,5119,3769,120,30,1,No,Rural,Approved
2921,Male,Yes,3+,Not Graduate,Unemployed,5316,187,158,15,0,Yes,Semiurban,Not Approved
2925,,No,0,Graduate,Unemployed,4750,0,94,30,1,No,Semiurban,Approved
2926,Male,Yes,2,Graduate,Employed,2726,0,106,30,0,Yes,Semiurban,Not Approved
2928,Male,Yes,0,Graduate,Unemployed,3000,3416,56,15,1,No,Semiurban,Approved
2931,Male,Yes,2,Graduate,Employed,6000,0,205,20,1,Yes,Semiurban,Not Approved
2932,Male,Yes,3+,Graduate,Unemployed,7603,1213,197,30,1,Yes,Urban,Not Approved
2933,,No,3+,Graduate,Employed,9357,0,292,30,1,No,Semiurban,Approved
2935,Male,Yes,1,Graduate,Unemployed,3791,1936,85,30,1,No,Urban,Approved
2936,Male,Yes,0,Graduate,Unemployed,3859,3300,142,15,1,No,Rural,Approved
2938,Male,Yes,0,Graduate,Employed,16120,0,260,30,1,No,Urban,Approved
2940,Male,No,0,Not Graduate,Unemployed,3833,0,110,30,1,No,Rural,Approved
2941,Male,Yes,2,Not Graduate,Employed,6383,1000,187,30,1,Yes,Rural,Not Approved
2943,Male,No,,Graduate,Unemployed,2987,0,88,30,0,Yes,Semiurban,Not Approved
2945,Male,Yes,0,Graduate,Employed,9963,0,180,30,1,No,Rural,Approved
2948,Male,Yes,2,Graduate,Unemployed,5780,0,192,30,1,No,Urban,Approved
2949,Female,No,3+,Graduate,,416,41667,350,15,,Yes,Urban,Not Approved
2950,Male,Yes,0,Not Graduate,,2894,2792,155,30,1,No,Rural,Approved
2952,Male,No,0,Graduate,Unemployed,2500,0,60,30,1,No,Urban,Approved
2953,Male,Yes,3+,Graduate,Unemployed,5703,0,128,30,1,No,Urban,Approved
2954,Male,Yes,2,Not Graduate,Unemployed,3132,0,76,30,,Yes,Rural,Not Approved
2958,Male,No,0,Graduate,Unemployed,3676,4301,172,30,1,No,Rural,Approved
2959,Female,Yes,1,Graduate,Unemployed,12000,0,496,30,1,No,Semiurban,Approved
2960,Male,Yes,0,Not Graduate,Unemployed,2400,3800,,15,1,Yes,Urban,Not Approved
2961,Male,Yes,1,Graduate,Unemployed,3400,2500,173,30,1,No,Semiurban,Approved
2962,Male,No,0,Graduate,Unemployed,4000,2667,152,30,1,Yes,Semiurban,Not Approved
2964,Male,Yes,2,Not Graduate,Unemployed,3987,1411,157,30,1,No,Rural,Approved
2965,Female,Yes,0,Graduate,Unemployed,8550,4255,96,30,0,No,Urban,Approved
2969,Male,Yes,1,Graduate,Unemployed,2269,2167,99,30,1,No,Semiurban,Approved
2971,Male,Yes,3+,Not Graduate,Employed,4009,1777,113,30,1,Yes,Urban,Not Approved
2974,Male,Yes,0,Graduate,Unemployed,3232,1950,108,30,1,No,Rural,Approved
2975,Male,Yes,0,Graduate,Unemployed,4158,709,115,30,1,Yes,Urban,Not Approved
2978,Female,No,0,Graduate,Unemployed,2900,0,71,30,1,No,Rural,Approved
2979,Male,Yes,3+,Graduate,Unemployed,4106,0,40,15,1,No,Rural,Approved
2980,Male,No,0,Graduate,Unemployed,3250,1993,126,30,,Yes,Semiurban,Not Approved
2983,Male,Yes,1,Graduate,Unemployed,8072,240,253,30,1,No,Urban,Approved
2984,Male,Yes,2,Graduate,Unemployed,7583,0,187,30,1,No,Urban,Approved
2986,Male,Yes,0,Graduate,Unemployed,5000,2393,158,30,1,No,Rural,Approved
2989,Male,No,0,Graduate,Employed,9200,0,98,15,1,No,Rural,Approved
2990,Female,No,0,Graduate,Employed,4583,0,133,30,0,Yes,Semiurban,Not Approved
